Sno,Candidate,Constituency,Party,Criminal Case,Education,Total Assets in Rupees,Liabilities in Rupees,coordinates,lat,lng
1,A M Ariff,ALAPPUZHA,CPI(M),2,Graduate Professional,15268906.0,2220700.0,9.51; 76.34,9.51,76.34
2,A Narayanaswamy,CHITRADURGA,BJP,0,Graduate,96197642.0,0.0,14.2; 76.4,14.2,76.4
3,A. Raja,NILGIRIS,DMK,6,Graduate Professional,49591024.0,1424914.0,11.5; 76.6,11.5,76.6
4,Abdul Khaleque,BARPETA,INC,0,Post Graduate,7398753.0,2703693.0,26.32; 91.00,26.32,91.0
5,Abhishek Banerjee,DIAMOND HARBOUR,AITC,0,Graduate,13794320.0,0.0,22.1910091; 88.1904741,22.1910091,88.1904741
6,Abu Hasem Khan Chowdhury,MALDAHA DAKSHIN,INC,0,Doctorate,270959520.0,728107.0,24.8515889; 88.0109596,24.8515889,88.0109596
7,Abu Taher Khan,MURSHIDABAD,AITC,3,8th Pass,8926616.0,1350000.0,24.18; 88.27,24.18,88.27
8,Achyutananda Samanta,KANDHAMAL,BJD,0,Doctorate,1244722.0,0.0,20.177813; 84.173564,20.177813,84.173564
9,Adala Prabhakara Reddy,NELLORE,YSRCP,0,12th Pass,2211663364.0,152281255.0,14.4; 80.0,14.4,80.0
10,Adhir Ranjan Chowdhury,BAHARAMPUR,INC,7,10th Pass,101315437.0,8506984.0,24.1; 88.25,24.1,88.25
11,Adoor Prakash,ATTINGAL,INC,7,Graduate Professional,144098612.0,27622685.0,8.6800; 76.8300,8.68,76.83
12,Afzal Ansari,GHAZIPUR,BSP,5,Post Graduate,137938756.0,0.0,25.58; 83.58,25.58,83.58
13,Agatha K. Sangma,TURA,NPP,0,Post Graduate,29406813.0,0.0,25.52; 90.19,25.52,90.19
14,Ajay Bhatt,NAINITAL-UDHAMSINGH NAGAR,BJP,0,Graduate Professional,19699529.0,0.0,29.2; 79.52,29.2,79.52
15,Ajay Kumar,KHERI,BJP,1,Graduate Professional,45295455.0,0.0,27.92; 80.73,27.92,80.73
16,Ajay Kumar Mandal,BHAGALPUR,JD(U),0,8th Pass,6801126.0,5364747.0,25.2; 87.0,25.2,87.0
17,Ajay Nishad,MUZAFFARPUR,BJP,1,Graduate,298867486.0,15714320.0,26.1; 85.4,26.1,85.4
18,Ajay Singh Dharmendra Deol (Sunny Deol),GURDASPUR,BJP,0,Others,871925679.0,534644785.0,32.0; 75.4,32.0,75.4
19,Ajay Tamta,ALMORA,BJP,0,12th Pass,9910448.0,55845.0,29.6; 79.6,29.6,79.6
20,Akhilesh Yadav,AZAMGARH,SP,0,Graduate Professional,377859166.0,2853000.0,26.06; 83.19,26.06,83.19
21,Akshayabar Lal,BAHRAICH,BJP,0,10th Pass,45691463.0,3028133.0,27.58; 81.6,27.58,81.6
22,Amar Singh,FATEHGARH SAHIB,INC,0,Post Graduate,32808836.0,0.0,30.65; 76.39,30.65,76.39
23,Amit Shah,GANDHINAGAR,BJP,4,12th Pass,403275307.0,4769587.0,23.2; 72.6,23.2,72.6
24,Amol Ramsing Kolhe,SHIRUR,NCP,0,Graduate Professional,43351521.0,1488116.0,18.8; 74.4,18.8,74.4
25,Anantkumar Hegde,UTTARA KANNADA,BJP,4,12th Pass,84755455.0,41016655.0,14.7; 74.6,14.7,74.6
26,Angadi Suresh,BELGAUM,BJP,0,Graduate Professional,366164525.0,198479638.0,15.9; 74.5,15.9,74.5
27,Anil Firojiya,UJJAIN,BJP,0,12th Pass,26417937.0,3203766.0,23.2; 75.8,23.2,75.8
28,Annadurai C N,TIRUVANNAMALAI,DMK,0,Graduate,134897466.0,32243604.0,12.2; 79.1,12.2,79.1
29,Annapurna Devi,KODARMA,BJP,0,Post Graduate,97636939.0,3189066.0,24.467; 85.594,24.467,85.594
30,Annasaheb Shankar Jolle,CHIKKODI,BJP,0,12th Pass,344922831.0,195595693.0,16.4; 74.6,16.4,74.6
31,Anto Antony,PATHANAMTHITTA,INC,1,Graduate,6075876.0,7723227.0,9.3; 76.8,9.3,76.8
32,Anubhav Mohanty,KENDRAPARA,BJD,0,Graduate,22309172.0,4133506.0,20.497667; 86.424726,20.497667,86.424726
33,Anumula Revanth Reddy,MALKAJGIRI,INC,42,Graduate,245357182.0,27807304.0,17.45; 78.53,17.45,78.53
34,Anupriya Singh Patel,MIRZAPUR,Apna Dal (Soneylal),2,Post Graduate,26900662.0,1805603.0,25.14; 82.57,25.14,82.57
35,Anurag Sharma,JHANSI,BJP,0,Post Graduate,1243060113.0,14212970.0,25.45; 78.56,25.45,78.56
36,Anurag Singh Thakur,HAMIRPUR,BJP,3,Graduate,56770463.0,1085145.0,31.7; 76.5,31.7,76.5
37,Aparajita Sarangi,BHUBANESWAR,BJP,0,Graduate,31677600.0,4329959.0,20.325984; 85.819077,20.325984,85.819077
38,Aparupa Poddar (Afrin Ali),ARAMBAG,AITC,1,Post Graduate,12527597.0,4244000.0,22.9; 87.8,22.9,87.8
39,Arjun Munda,KHUNTI,BJP,0,12th Pass,91507865.0,27106434.0,23.07; 85.28,23.07,85.28
40,Arjun Ram Meghwal,BIKANER,BJP,0,Post Graduate,23524459.0,1060314.0,28.0; 73.3,28.0,73.3
41,Arjun Singh,BARRACKPUR,BJP,24,10th Pass,8055691.0,1100000.0,22.76; 88.37,22.76,88.37
42,Arjunlal Meena,UDAIPUR,BJP,0,Post Graduate,48196946.0,15602872.0,24.6; 73.7,24.6,73.7
43,Arun Kumar Sagar,SHAHJAHANPUR,BJP,1,12th Pass,43448049.0,1179697.0,27.88; 79.92,27.88,79.92
44,Arun Sao,BILASPUR,BJP,0,Graduate Professional,13544588.0,50000.0,22.1; 82.1,22.1,82.1
45,Arvind Kumar Sharma,ROHTAK,BJP,0,Post Graduate,41079284.0,16778090.0,28.9; 76.6,28.9,76.6
46,Arvind Sawant,MUMBAI SOUTH,SHS,1,Graduate,27181577.0,0.0,18.96; 72.83,18.96,72.83
47,Asaduddin Owaisi,HYDERABAD,AIMIM,5,Graduate Professional,179044376.0,120500000.0,17.4; 78.4,17.4,78.4
48,Ashok Kumar,MISRIKH,BJP,0,Post Graduate,48771207.0,5735470.0,27.43; 80.52,27.43,80.52
49,Ashok Kumar Yadav,MADHUBANI,BJP,1,Doctorate,46699125.0,7892847.0,26.3; 86.1,26.3,86.1
50,Ashok Mahadevrao Nete,GADCHIROLI CHIMUR,BJP,0,12th Pass,50136369.0,15682840.0,20.3; 79.7,20.3,79.7
51,Ashwini Kumar Choubey,BUXAR,BJP,3,Graduate,40183612.0,1350667.0,25.6; 84.0,25.6,84.0
52,Asit Kumar Mal,BOLPUR,AITC,0,10th Pass,1310691.0,0.0,23.67; 87.72,23.67,87.72
53,Atul Kumar Singh,GHOSI,BSP,13,Graduate,66536025.0,3454591.0,26.12; 83.55,26.12,83.55
54,B.B.Patil,ZAHIRABAD,TRS,18,Graduate,1287851556.0,11535000.0,17.7; 77.6,17.7,77.6
55,B.N.Bache Gowda,CHIKKBALLAPUR,BJP,0,Graduate Professional,1153501141.0,0.0,13.4; 77.7,13.4,77.7
56,B.Y.Raghavendra,SHIMOGA,BJP,2,Graduate Professional,674093851.0,14150647.0,13.9; 75.6,13.9,75.6
57,Baalu.T.R.,SRIPERUMBUDUR,DMK,0,Graduate,208806446.0,0.0,13.0; 79.9,13.0,79.9
58,Badruddin Ajmal,DHUBRI,AIUDF,7,Post Graduate,788064044.0,10159381.0,26.0; 90.0,26.0,90.0
59,Baidyanath Prasad Mahto,VALMIKI NAGAR,JD(U),4,10th Pass,17934888.0,2915945.0,27.43; 83.91,27.43,83.91
60,Balashowry Vallabhaneni,MACHILIPATNAM,YSRCP,2,Post Graduate,990575840.0,746310844.0,16.2; 81.1,16.2,81.1
61,Balli Durgaprasad Rao,TIRUPATI,YSRCP,0,Graduate Professional,17426921.0,0.0,13.6; 79.4,13.6,79.4
62,Bandi Sanjay Kumar,KARIMNAGAR,BJP,6,Post Graduate,2270000.0,1341800.0,18.4; 79.1,18.4,79.1
63,Bandyopadhyay Sudip,KOLKATA UTTAR,AITC,2,Graduate,61176355.0,0.0,22.5726723; 88.3638815,22.5726723,88.3638815
64,Bapu Rao Soyam,ADILABAD,BJP,52,12th Pass,3099414.0,231450.0,19.7; 78.5,19.7,78.5
65,Basanta Kumar Panda,KALAHANDI,BJP,3,12th Pass,9547000.0,0.0,19.871834; 83.102733,19.871834,83.102733
66,Bellana Chandra Sekhar,VIZIANAGARAM,YSRCP,4,Graduate Professional,21035766.0,11130148.0,18.1; 83.4,18.1,83.4
67,Benny Behanan,CHALAKUDY,INC,4,Graduate,20461931.0,915938.0,10.3; 76.3,10.3,76.3
68,Bhagirath Chaudhary,AJMER,BJP,0,12th Pass,85101774.0,8319942.0,26.46; 74.62,26.46,74.62
69,Bhagwant Mann,SANGRUR,AAP,0,12th Pass,16427274.0,0.0,30.2; 75.8,30.2,75.8
70,Bhagwanth Khuba,BIDAR,BJP,1,Graduate Professional,51836416.0,10239000.0,17.91; 77.50,17.91,77.5
71,Bhanu Pratap Singh,JALAUN,BJP,1,Post Graduate,10699516.0,12265.0,26.06; 79.42,26.06,79.42
72,Bharti Pawar,DINDORI,BJP,0,Graduate Professional,122885349.0,1449572.0,20.2; 73.8,20.2,73.8
73,Bhartruhari Mahtab,CUTTACK,BJD,0,Post Graduate,106894976.0,0.0,20.460691; 85.889718,20.460691,85.889718
74,Bhavana Pundlikrao Gawali,YAVATMAL WASHIM,SHS,3,Graduate,96873189.0,7396250.0,20.3; 77.6,20.3,77.6
75,Bhola Singh,BULANDSHAHR,BJP,1,Graduate,18728861.0,0.0,28.4; 77.85,28.4,77.85
76,Bholanath (B.P. Saroj),MACHHLISHAHR,BJP,0,Graduate,259027394.0,11194163.0,25.69; 82.41,25.69,82.41
77,Bhonsle Shrimant Chhatrapati Udayanraje Pratapasinh Maharaj,SATARA,NCP,8,12th Pass,1996813173.0,12340338.0,17.7; 74.0,17.7,74.0
78,Bidyut Baran Mahato,JAMSHEDPUR,BJP,3,12th Pass,27750671.0,2961830.0,22.80; 86.19,22.8,86.19
79,Bishweswar Tudu,MAYURBHANJ,BJP,1,10th Pass,2742000.0,400000.0,21.929411; 86.744454,21.929411,86.744454
80,Brij Bhushan Sharan Singh,KAISERGANJ,BJP,4,Graduate Professional,98905402.0,61524736.0,27.25; 81.55,27.25,81.55
81,Brijendra Singh,HISAR,BJP,0,Post Graduate,146408734.0,27225637.0,29.2; 75.7,29.2,75.7
82,C Lalrosanga,MIZORAM,MNF,0,Graduate,131201374.0,0.0,23.36; 92.00,23.36,92.0
83,Chandan Singh,NAWADA,LJP,2,Graduate,176720167.0,4722200.0,24.89; 85.54,24.89,85.54
84,Chandeshwar Prasad,JAHANABAD,JD(U),3,10th Pass,139271693.0,0.0,25.2; 85.0,25.2,85.0
85,Chandra Prakash,CHITTORGARH,BJP,0,Graduate,19725115.0,100000.0,24.9; 74.6,24.9,74.6
86,Chandra Prakash Choudhary,GIRIDIH,AJSU Party,2,Graduate,13456889.0,1330000.0,24.19; 86.30,24.19,86.3
87,Chandra Sekhar Sahu,BERHAMPUR,BJD,0,10th Pass,11716989.0,0.0,19.315316; 84.792338,19.315316,84.792338
88,Chandrani Murmu,KEONJHAR,BJD,0,Graduate Professional,340580.0,0.0,21.641388; 85.612078,21.641388,85.612078
89,Chauhan Devusinh,KHEDA,BJP,0,Others,13023202.0,995240.0,22.8; 72.7,22.8,72.7
90,Chavda Vinod Lakhamshi,KACHCHH,BJP,0,Post Graduate,33508455.0,12458607.0,23.5; 70,23.5,70.0
91,Chhatar Singh Darbar,DHAR,BJP,1,Post Graduate,23198238.0,2471613.0,22.598; 75.304,22.598,75.304
92,Chhedi Paswan,SASARAM,BJP,4,Post Graduate,37786578.0,2214842.0,25.0; 84.0,25.0,84.0
93,Chikhalikar Pratap Govindrao,NANDED,BJP,0,12th Pass,52178606.0,594000.0,19.1; 77.3,19.1,77.3
94,Chinraj A.K.P,NAMAKKAL,DMK,0,Graduate,485205173.0,18642484.0,11.233; 78.167,11.233,78.167
95,Chinta Anuradha,AMALAPURAM,YSRCP,0,Graduate,85993362.0,2431407.0,16.6; 82.0,16.6,82.0
96,Chirag Kumar Paswan,JAMUI,LJP,1,Graduate Professional,18466066.0,0.0,24.9; 86.2,24.9,86.2
97,Choudhary Mahbub Ali Kaisar,KHAGARIA,LJP,1,Graduate,109788313.0,0.0,25.5; 86.5,25.5,86.5
98,Choudhury Mohan Jatua,MATHURAPUR,AITC,0,Post Graduate,10667304.0,0.0,22.1203; 88.3943,22.1203,88.3943
99,Chudasama Rajeshbhai Naranbhai,JUNAGADH,BJP,1,12th Pass,10866041.0,1481768.0,21.5; 70.5,21.5,70.5
100,Chunni Lal Sahu,MAHASAMUND,BJP,0,Graduate,17591683.0,1383014.0,21.1; 82.1,21.1,82.1
101,Col. Rajyavardhan Rathore,JAIPUR RURAL,BJP,0,Graduate,127808070.0,0.0,27.1; 75.6,27.1,75.6
102,Cosme Francisco Caitano Sardinha,SOUTH GOA,INC,0,Graduate Professional,79402232.0,0.0,15.00; 74.05,15.0,74.05
103,D.K. Suresh,BANGALORE RURAL,INC,5,12th Pass,3388920717.0,519320305.0,13.3; 77.6,13.3,77.6
104,D.M. Kathir Anand,VELLORE,DMK,2,Post Graduate,587579451.0,3307588.0,12.920219; 79.133306,12.920219,79.133306
105,D.V. Sadananda Gowda,BANGALORE NORTH,BJP,0,Graduate Professional,209384539.0,104302653.0,13.14; 77.56,13.14,77.56
106,Dabhi Bharatsinhji Shankarji,PATAN,BJP,0,Graduate,47373221.0,5613860.0,23.9; 72.1,23.9,72.1
107,Danve Raosaheb Dadarao,JALNA,BJP,2,Graduate,229557992.0,2400000.0,19.8; 75.9,19.8,75.9
108,Dayakar Pasnori,WARANGAL,TRS,0,Graduate,24889712.0,1428227.0,18.0; 79.6,18.0,79.6
109,Dayanidhi Maran,CHENNAI CENTRAL,DMK,1,Graduate,116790616.0,0.0,13.036; 80.239,13.036,80.239
110,Dean Kuriakose,IDUKKI,INC,204,Post Graduate,13395011.0,10000000.0,9.84; 76.90,9.84,76.9
111,Debasree Chaudhuri,RAIGANJ,BJP,2,Post Graduate,6139123.0,823416.0,25.62; 88.12,25.62,88.12
112,Deepak Adhikari,GHATAL,AITC,0,Others,317320579.0,7879681.0,22.7; 87.7,22.7,87.7
113,Deepak Kumar Baij,BASTAR,INC,1,Post Graduate,7721293.0,1801236.0,19.2; 81.9,19.2,81.9
114,Delkar Mohanbhai Sanjibhai,DADRA AND NAGAR HAVELI,IND,0,Graduate,708885980.0,37268162.0,20.27; 73.02,20.27,73.02
115,Devaji Patel,JALORE,BJP,0,10th Pass,88332292.0,60936530.0,25.3; 72.6,25.3,72.6
116,Dhairyashil Sambhajirao Mane,HATKANANGLE,SHS,0,Graduate,47771462.0,41599959.0,16.7; 74.4,16.7,74.4
117,Dhanorkar Suresh Narayan,CHANDRAPUR,INC,5,12th Pass,137455342.0,22752880.0,20.0; 79.3,20.0,79.3
118,Dhanush M Kumar,TENKASI,DMK,1,Post Graduate,51360700.0,2896862.0,9.0; 77.3,9.0,77.3
119,Dharambir Singh,BHIWANI MAHENDRAGARH,BJP,0,Graduate,60642205.0,240000.0,28.5; 76.1,28.5,76.1
120,Dharmapuri Arvind,NIZAMABAD,BJP,1,Post Graduate,876930468.0,337580746.0,18.7; 78.1,18.7,78.1
121,Dharmendra Kumar,AONLA,BJP,0,10th Pass,21766502.0,3324300.0,28.28; 79.16,28.28,79.16
122,Dibyendu Adhikari,TAMLUK,AITC,1,Graduate,37687867.0,8397501.0,22.3; 87.9,22.3,87.9
123,Dileshwar Kamait,SUPAUL,JD(U),2,Graduate,23441606.0,0.0,26.1; 86.6,26.1,86.6
124,Dilip Kumar Ghosh,MEDINIPUR,BJP,14,10th Pass,4536462.0,0.0,22.4; 87.3,22.4,87.3
125,Dimple Yadav,MAINPURI : BYE ELECTION ON 05-12-2022,SP,0,Graduate,399150143.0,3153000.0,79.03,79.03,79.03
126,Dinesh Chandra Yadav,MADHEPURA,JD(U),1,Graduate Professional,37420953.0,700000.0,25.9; 86.8,25.9,86.8
127,Diya Kumari,RAJSAMAND,BJP,0,Others,165984623.0,0.0,25.1; 73.9,25.1,73.9
128,Dnv Senthilkumar.S,DHARMAPURI,DMK,1,Post Graduate,48477451.0,6053502.0,12.1260; 78.154,12.126,78.154
129,Dr Rajkumar Ranjan Singh,INNER MANIPUR,BJP,0,Doctorate,19616174.0,0.0,24.60; 93.90,24.6,93.9
130,Dr Ram Shankar Katheria,ETAWAH,BJP,12,Doctorate,15154538.0,7304616.0,26.78; 79.02,26.78,79.02
131,Dr Sanjeev Kumar,KURNOOL,YSRCP,0,Post Graduate,325914387.0,62070621.0,15.81; 78.04,15.81,78.04
132,Dr. Alok Kumar Suman,GOPALGANJ,JD(U),0,Post Graduate,32739903.0,3576376.0,26.5; 84.4,26.5,84.4
133,Dr. Chandra Sen Jadon,FIROZABAD,BJP,0,Graduate Professional,42872395.0,0.0,27.15; 78.4,27.15,78.4
134,Dr. Dhal Singh Bisen,BALAGHAT,BJP,0,Others,88648133.0,1530693.0,21.800; 80.183,21.8,80.183
135,Dr. Jitendra Singh,UDHAMPUR,BJP,0,Post Graduate,70827203.0,0.0,32.9; 75.1,32.9,75.1
136,Dr. Kakoli Ghoshdastidar,BARASAT,AITC,2,Post Graduate,40531018.0,1496059.0,22.72; 88.48,22.72,88.48
137,Dr. Kalanidhi Veeraswamy,CHENNAI NORTH,DMK,0,Post Graduate,405294714.0,258386550.0,13.160; 80.245,13.16,80.245
138,Dr. Mahendra Nath Pandey,CHANDAULI,BJP,0,Doctorate,33359734.0,0.0,25.15; 83.24,25.15,83.24
139,Dr. Mahesh Sharma,GAUTAM BUDDHA NAGAR,BJP,0,Graduate Professional,478759568.0,43863749.0,28.36; 77.55,28.36,77.55
140,Dr. Mohammad Jawed,KISHANGANJ,INC,1,Graduate Professional,90973803.0,5383958.0,26.1; 87.9,26.1,87.9
141,Dr. S T Hasan,MORADABAD,SP,0,Post Graduate,55795546.0,500000.0,28.83; 78.76,28.83,78.76
142,Dr. Sanjay Jaiswal,PASCHIM CHAMPARAN,BJP,5,Post Graduate,199404885.0,67370030.0,27.2; 84.2,27.2,84.2
143,Dr. Satyapal Singh,BAGHPAT,BJP,1,Post Graduate,78195793.0,0.0,28.94; 77.22,28.94,77.22
144,Dr. Shafiqur Rehman Barq,SAMBHAL,SP,0,Graduate,13296671.0,0.0,28.59; 78.57,28.59,78.57
145,Dr. Shrikant Eknath Shinde,KALYAN,SHS,1,Post Graduate,19616515.0,1241233.0,19.2; 73.1,19.2,73.1
146,Dr. Solanki Kiritbhai,AHMEDABAD WEST,BJP,0,Post Graduate,89474039.0,0.0,23.03; 72.51,23.03,72.51
147,Dr. Umesh G Jadhav,GULBARGA,BJP,0,Post Graduate,37490597.0,0.0,17.3; 76.8,17.3,76.8
148,Dr.A.Chellakumar,KRISHNAGIRI,INC,5,Post Graduate,121087979.0,66817959.0,12.53; 78.23,12.53,78.23
149,Dr.Beesetti Venkata Satyavathi,ANAKAPALLE,YSRCP,0,Graduate Professional,91526244.0,11139279.0,17.69; 83.00,17.69,83.0
150,Dr.Bharatiben Dhirubhai Shiyal,BHAVNAGAR,BJP,0,Graduate Professional,17753161.0,3689036.0,21.8; 72.2,21.8,72.2
151,Dr.Gaddam Ranjith Reddy,CHEVELLA,TRS,0,Post Graduate,1634695131.0,197007553.0,17.3; 78.1,17.3,78.1
152,Dr.K.C.Patel,VALSAD,BJP,0,Graduate Professional,68239480.0,0.0,20.6; 72.9,20.6,72.9
153,Dr.K.Jayakumar,TIRUVALLUR,INC,0,Doctorate,24583769.0,0.0,13.1; 79.9,13.1,79.9
154,Dulal Chandra Goswami,KATIHAR,JD(U),1,Graduate,13302734.0,3130766.0,25.5; 87.6,25.5,87.6
155,Durga Das (D.D.) Uikey,BETUL,BJP,0,Post Graduate,15413532.0,875803.0,21.9; 77.9,21.9,77.9
156,Dushyant,JHALAWAR BARAN,BJP,0,Post Graduate,370432373.0,85824156.0,24.8; 76.4,24.8,76.4
157,E T Mohammed Basheer,PONNANI,IUML,0,10th Pass,8103274.0,0.0,10.8; 75.9,10.8,75.9
158,Faggan Singh Kulaste,MANDLA,BJP,0,Post Graduate,26702373.0,1000075.0,22.95; 81.2,22.95,81.2
159,Farooq Abdullah,SRINAGAR,Jammu & Kashmir National Conference,1,Graduate Professional,121904435.0,0.0,34.1; 74.8,34.1,74.8
160,Feroze Varun Gandhi,PILIBHIT,BJP,0,Post Graduate,603200539.0,28952800.0,28.63; 79.8,28.63,79.8
161,G M Siddeshwar,DAVANAGERE,BJP,0,10th Pass,380164932.0,14670809.0,14.45; 75.91,14.45,75.91
162,G S Basavaraj,TUMKUR,BJP,0,Graduate Professional,510779150.0,113844867.0,13.3; 77.1,13.3,77.1
163,Gaddigoudar Parvatagouda Chandanagouda,BAGALKOT,BJP,0,Graduate Professional,43980663.0,7987991.0,16.2; 75.7,16.2,75.7
164,Gajanan Chandrakant Kirtikar,MUMBAI NORTH WEST,SHS,0,Graduate,105392000.0,4032000.0,19.14; 72.86,19.14,72.86
165,Gajendra Singh Shekhawat,JODHPUR,BJP,1,Post Graduate,138029511.0,58573744.0,26.3; 73.0,26.3,73.0
166,Gajendra Umrao Singh Patel,KHARGONE,BJP,0,Graduate Professional,67303990.0,1885020.0,22.02; 74.91,22.02,74.91
167,Ganesh Singh,SATNA,BJP,2,Post Graduate,41719076.0,0.0,24.58; 80.83,24.58,80.83
168,Ganeshamurthi A,ERODE,DMK,0,Graduate,43110000.0,2060000.0,11.3; 77.7,11.3,77.7
169,Gangapuram Kishan Reddy,SECUNDERABAD,BJP,0,Others,81430778.0,4500000.0,17.44; 78.50,17.44,78.5
170,Gaurav Gogoi,KALIABOR,INC,0,Post Graduate,13727834.0,1250000.0,26.53; 93.09,26.53,93.09
171,Gautam Gambhir,EAST DELHI,BJP,1,12th Pass,1471587789.0,342035860.0,28.6420; 77.2980,28.642,77.298
172,Gautham Sigamani Pon,KALLAKURICHI,DMK,1,Post Graduate,471186830.0,81131909.0,11.7; 79.0,11.7,79.0
173,Gavit Rajendra Dhedya,PALGHAR,SHS,0,Graduate,87616920.0,30223375.0,19.7; 72.8,19.7,72.8
174,Geeta Kora,SINGHBHUM,INC,1,Post Graduate,25249018.0,1928508.0,22.47; 85.47,22.47,85.47
175,Giridhari Yadav,BANKA,JD(U),1,Post Graduate,19816050.0,405701.0,24.9; 86.9,24.9,86.9
176,Giriraj Singh,BEGUSARAI,BJP,6,Graduate,83024577.0,12236000.0,25.4; 86.1,25.4,86.1
177,Girish Bhalchandra Bapat,PUNE,BJP,1,Graduate,57959302.0,1793891.0,18.5; 73.9,18.5,73.9
178,Girish Chandra,NAGINA,BSP,1,12th Pass,28659644.0,9062600.0,29.44; 78.43,29.44,78.43
179,Gnanathiraviam S,TIRUNELVELI,DMK,4,10th Pass,232759237.0,46149049.0,8.7; 77.7,8.7,77.7
180,Goddeti Madhavi,ARAKU,YSRCP,0,Graduate Professional,141179.0,0.0,18.3333; 82.8667,18.3333,82.8667
181,Gomati,RAIGARH,BJP,0,12th Pass,7043539.0,0.0,21.9; 83.4,21.9,83.4
182,Gopal Chinnaya Shetty,MUMBAI NORTH,BJP,9,5th Pass,157535232.0,21136135.0,19.21; 72.85,19.21,72.85
183,Gopaljee Thakur,DARBHANGA,BJP,0,Post Graduate,19301808.0,1039660.0,26.2; 85.9,26.2,85.9
184,Guharam Ajgalle,JANJGIR CHAMPA,BJP,0,Graduate Professional,18400837.0,0.0,22.0; 82.6,22.0,82.6
185,Guman Singh Damor,RATLAM,BJP,0,Graduate Professional,42072262.0,4890940.0,23.33; 75.05,23.33,75.05
186,Gurjeet Singh Aujla,AMRITSAR,INC,0,12th Pass,34011739.0,9031565.0,31.66; 74.87,31.66,74.87
187,Haji Fazlur Rehman,SAHARANPUR,BSP,0,Graduate,46146135.0,60000.0,29.97; 77.55,29.97,77.55
188,Hans Raj Hans,NORTH WEST DELHI,BJP,0,10th Pass,130937732.0,47897494.0,28.7730; 77.0890,28.773,77.089
189,Hanuman Beniwal,NAGAUR,Rashtriya Loktantrik Party,0,Graduate Professional,4218568.0,0.0,27.2; 73.7,27.2,73.7
190,Harish Chandra Alias Harish Dwivedi,BASTI,BJP,5,Post Graduate,8662344.0,322490.0,26.79; 82.82,26.79,82.82
191,Harsh Vardhan,CHANDNI CHOWK,BJP,0,Post Graduate,30171897.0,0.0,28.6610; 77.2270,28.661,77.227
192,Harsimrat Kaur Badal,BATHINDA,SAD,0,10th Pass,2179919870.0,954852600.0,30.2; 74.9,30.2,74.9
193,Hasnain Masoodi,ANANTNAG,Jammu & Kashmir National Conference,0,Post Graduate,87620672.0,0.0,33.73; 75.15,33.73,75.15
194,Heena Vijaykumar Gavit,NANDURBAR,BJP,0,Post Graduate,271634532.0,15291251.0,21.4; 74.2,21.4,74.2
195,Hema Malini Dharmendra Deol,MATHURA,BJP,0,Doctorate,2508270292.0,131288062.0,27.48; 77.69,27.48,77.69
196,Hemant Tukaram Godse,NASHIK,SHS,1,Others,146869996.0,41083126.0,20.0; 73.8,20.0,73.8
197,Hibi Eden,ERNAKULAM,INC,7,Graduate,7908467.0,200000.0,9.99; 76.30,9.99,76.3
198,Himadri Singh,SHAHDOL,BJP,0,Graduate,36564408.0,1736289.0,23.3; 81.4,23.3,81.4
199,Horen Sing Bey,AUTONOMOUS DISTRICT,BJP,2,Graduate,20693570.0,5956209.0,26.19; 93.62,26.19,93.62
200,Imtiaz Jaleel Syed,AURANGABAD,AIMIM,4,Post Graduate,29562768.0,6800000.0,19.8887861; 75.3434361,19.8887861,75.3434361
201,Indra Hang Subba,SIKKIM,Sikkim Krantikari Morcha,0,Post Graduate,478817.0,0.0,27.33; 88.62,27.33,88.62
202,Jadhav Sanjay (Bandu) Haribhau,PARBHANI,SHS,6,10th Pass,41040011.0,4519583.0,19.3; 76.8,19.3,76.8
203,Jagannath Sarkar,RANAGHAT,BJP,1,Graduate Professional,17622476.0,0.0,23.18; 88.58,23.18,88.58
204,Jagdambika Pal,DOMARIYAGANJ,BJP,3,Post Graduate,103366710.0,2838478.0,27.2; 82.7,27.2,82.7
205,Jai Prakash,HARDOI,BJP,0,Graduate,234032624.0,2615368.0,27.39; 80.14,27.39,80.14
206,Janardan Prasad Mishra,REWA,BJP,0,Graduate Professional,20359750.0,580627.0,24.55; 81.29,24.55,81.29
207,Janardan Singh Sigriwal,MAHARAJGANJ,BJP,5,Graduate,10451986.0,376000.0,26.1; 84.5,26.1,84.5
208,Jardosh Darshnaben Vikrambhai,SURAT,BJP,0,Graduate,23872876.0,0.0,21.2; 72.8,21.2,72.8
209,Jasbir Singh Gill,KHADOOR SAHIB,INC,0,Others,81393500.0,4655000.0,31.4; 75.1,31.4,75.1
210,Jaskaur Meena,DAUSA,BJP,0,Post Graduate,143742564.0,5825431.0,26.9; 76.3,26.9,76.3
211,Jasvantsinh Sumanbhai Bhabhor,DAHOD,BJP,0,Graduate Professional,27070480.0,0.0,22.8; 74.3,22.8,74.3
212,Jayadev Galla,GUNTUR,TDP,0,Graduate,3051485242.0,203452417.0,16.3; 80.4,16.3,80.4
213,Jayant Sinha,HAZARIBAGH,BJP,0,Post Graduate,770749002.0,193271437.0,23.99; 85.36,23.99,85.36
214,Jayanta Kumar Roy,JALPAIGURI,BJP,0,Graduate Professional,11625047.0,1352581.0,26.52; 88.73,26.52,88.73
215,Jigajinagi Ramesh Chandappa,BIJAPUR,BJP,0,Graduate,504122985.0,1600000.0,16.8; 75.7,16.8,75.7
216,John Barla,ALIPURDUARS,BJP,9,8th Pass,1418730.0,0.0,26.50; 89.52,26.5,89.52
217,Jothimani S,KARUR,INC,0,Post Graduate,6046055.0,379000.0,10.95; 78.08,10.95,78.08
218,Jual Oram,SUNDARGARH,BJP,2,Others,74185014.0,12743330.0,22.122872; 84.042673,22.122872,84.042673
219,Jugal Kishore,JAMMU,BJP,0,10th Pass,56481801.0,350040219.0,32.7; 74.9,32.7,74.9
220,Jyotirmay Singh Mahato,PURULIA,BJP,2,Graduate Professional,2250540.0,456100.0,23.3; 86.4,23.3,86.4
221,Jyotsna Mahant,KORBA,INC,0,Post Graduate,150639697.0,0.0,22.34; 82.76,22.34,82.76
222,K Shanmugasundaram,POLLACHI,DMK,0,Graduate Professional,133109284.0,13360639.0,10.659; 77.008,10.659,77.008
223,K Sudhakaran,KANNUR,INC,3,Post Graduate,29699206.0,7468633.0,11.87; 75.37,11.87,75.37
224,K. Muraleedharan,VADAKARA,INC,3,Graduate,114379340.0,0.0,11.6; 75.6,11.6,75.6
225,K. Navaskani,RAMANATHAPURAM,IUML,1,12th Pass,364738171.0,47008615.0,11.0; 77.0,11.0,77.0
226,Kachhadiya Naranbhai Bhikhabhai,AMRELI,BJP,0,12th Pass,35900763.0,828961.0,21.6; 71.2,21.6,71.2
227,Kailash Choudhary,BARMER,BJP,2,Graduate,2402250.0,0.0,25.76; 71.40,25.76,71.4
228,Kalyan Banerjee,SREERAMPUR,AITC,0,Graduate Professional,175968902.0,5522403.0,22.7500; 88.3400,22.75,88.34
229,Kamlesh Paswan,BANSGAON,BJP,5,Graduate,171706883.0,6049264.0,26.55; 83.35,26.55,83.35
230,Kanakmal Katara,BANSWARA,BJP,0,Graduate Professional,58711904.0,1746729.0,23.55; 74.44,23.55,74.44
231,Kanimozhi Karunanidhi,THOOTHUKKUDI,DMK,6,Graduate Professional,303373130.0,19290928.0,8.78; 78.1,8.78,78.1
232,Kanumuru Raghu Rama Krishna Raju,NARSAPURAM,YSRCP,3,Post Graduate,3259405378.0,1014467354.0,16.4; 81.7,16.4,81.7
233,Kapil Moreshwar Patil,BHIWANDI,BJP,0,Graduate,418850781.0,5645459.0,19.3; 73.1,19.3,73.1
234,Karadi Sanganna Amarappa,KOPPAL,BJP,1,10th Pass,28725791.0,22475333.0,15.3; 76.1,15.3,76.1
235,Karti P Chidambaram,SIVAGANGA,INC,8,Graduate Professional,793729024.0,174081116.0,9.8; 78.5,9.8,78.5
236,Kaushal Kishore,MOHANLALGANJ,BJP,1,Graduate,55530561.0,0.0,26.69; 80.98,26.69,80.98
237,Kaushlendra Kumar,NALANDA,JD(U),0,12th Pass,29251651.0,2712389.0,25.1; 85.5,25.1,85.5
238,Kavita Singh,SIWAN,JD(U),4,Post Graduate,19325264.0,412511.0,26.2; 84.4,26.2,84.4
239,Kavitha Malothu,MAHABUBABAD,TRS,1,Graduate,19731269.0,1252068.0,17.6; 80.0,17.6,80.0
240,Keshari Devi Patel,PHULPUR,BJP,2,Post Graduate,172707104.0,6505194.0,25.55; 82.09,25.55,82.09
241,Khadse Raksha Nikhil,RAVER,BJP,0,Graduate,172713734.0,0.0,21.2; 76.0,21.2,76.0
242,Khagen Murmu,MALDAHA UTTAR,BJP,4,Graduate,10232439.0,1070914.0,25.04; 88.14,25.04,88.14
243,Khalilur Rahaman,JANGIPUR,AITC,0,Graduate,368306705.0,2248968.0,24.53; 88.07,24.53,88.07
244,Kiren Rijiju,ARUNACHAL WEST,BJP,0,Graduate Professional,15279000.0,0.0,27.7; 93.4,27.7,93.4
245,Kirron Kher,CHANDIGARH,BJP,0,Post Graduate,474983574.0,6279188.0,30.7; 76.8,30.7,76.8
246,Kirti Vardhan Singh Alias Raja Bhaiya,GONDA,BJP,0,Post Graduate,232735285.0,23201603.0,27.14; 81.96,27.14,81.96
247,Kishan Kapoor,KANGRA,BJP,2,12th Pass,85841247.0,3605161.0,32.1; 76.3,32.1,76.3
248,Kodikunnil Suresh,MAVELIKKARA,INC,1,Graduate Professional,12965129.0,982819.0,9.24; 76.54,9.24,76.54
249,Komatireddy Venakat Reddy,BHONGIR,INC,14,12th Pass,162543845.0,24069129.0,17.5; 78.9,17.5,78.9
250,Kotha Prabhakar Reddy,MEDAK,TRS,0,Graduate,1266581773.0,268266203.0,18.0; 78.3,18.0,78.3
251,Kripanath Mallah,KARIMGANJ,BJP,0,Graduate,1871040.0,0.0,24.9; 92.4,24.9,92.4
252,Krishan Pal,FARIDABAD,BJP,0,Graduate Professional,369652786.0,105593242.0,28.404; 77.319,28.404,77.319
253,Krishna Pal Singh,GUNA,BJP,0,Graduate Professional,16266408.0,494053.0,24.65; 77.32,24.65,77.32
254,Krupal Balaji Tumane,RAMTEK,SHS,0,Graduate,95603165.0,4228793.0,21.4; 79.3,21.4,79.3
255,Kuldeep Rai Sharma,ANDAMAN AND NICOBAR ISLANDS,INC,0,Graduate Professional,132233012.0,80450870.0,10; 93,10.0,93.0
256,Kunar Hembram,JHARGRAM,BJP,0,Graduate Professional,10387498.0,565000.0,22.45; 87.00,22.45,87.0
257,Kundaria Mohanbhai,RAJKOT,BJP,0,8th Pass,68818120.0,16566856.0,22.3; 70.8,22.3,70.8
258,Kunhalikutty,MALAPPURAM,IUML,2,Graduate,52932535.0,0.0,11.1; 76.1,11.1,76.1
259,Kunwar Danish Ali,AMROHA,BSP,0,Graduate,74920879.0,19579691.0,28.9; 78.47,28.9,78.47
260,Kunwar Pushpendra Singh,HAMIRPUR,BJP,4,Post Graduate,167159924.0,35502582.0,25.95; 80.15,25.95,80.15
261,Kuruva Gorantla Madhav,HINDUPUR,YSRCP,2,Graduate,1787356.0,730332.0,13.83; 77.49,13.83,77.49
262,Lallu Singh,FAIZABAD,BJP,1,Post Graduate,31884642.0,11276478.0,26.77; 82.15,26.77,82.15
263,Lavu Sri Krishna Devarayalu,NARASARAOPET,YSRCP,0,Graduate Professional,177710073.0,10142413.0,16.23; 80.05,16.23,80.05
264,Locket Chatterjee,HOOGHLY,BJP,14,Graduate,35655698.0,0.0,22.9; 88.4,22.9,88.4
265,Lorho S. Pfoze,OUTER MANIPUR,NPF,0,Graduate Professional,13709352.0,0.0,25.15; 93.97,25.15,93.97
266,M V V Satyanarayana,VISAKHAPATNAM,YSRCP,1,10th Pass,2023905124.0,160030959.0,17.8; 83.2,17.8,83.2
267,M.K.Raghavan,KOZHIKODE,INC,1,Graduate,12502009.0,3174805.0,11.27; 75.80,11.27,75.8
268,Magunta Sreenivasulu Reddy,ONGOLE,YSRCP,0,Graduate,266583686.0,91302133.0,15.5; 80.0,15.5,80.0
269,Mahabali Singh,KARAKAT,JD(U),3,8th Pass,43442051.0,3000000.0,25.2; 84.3,25.2,84.3
270,Mahant Balak Nath,ALWAR,BJP,0,10th Pass,352929.0,0.0,27.56; 76.62,27.56,76.62
271,Mahendra Singh Solanky,DEWAS,BJP,0,Graduate Professional,3812464.0,1832631.0,23.0; 76.4,23.0,76.4
272,Mahendrabhai Munjpara,SURENDRANAGAR,BJP,0,Post Graduate,79084513.0,14822528.0,22.7; 71.6,22.7,71.6
273,Mahesh Sahoo,DHENKANAL,BJD,1,12th Pass,14529286.0,0.0,20.662499; 85.598593,20.662499,85.598593
274,Mahua Moitra,KRISHNANAGAR,AITC,0,Graduate,26495250.0,671138.0,23.4; 88.5,23.4,88.5
275,Mala Rajya Laxmi Shah,TEHRI GARHWAL,BJP,0,12th Pass,1846640100.0,1350000000.0,30.4; 78.5,30.4,78.5
276,Mala Roy,KOLKATA DAKSHIN,AITC,3,Graduate,10308401.0,0.0,22.5726723; 88.3638815,22.5726723,88.3638815
277,Malook Nagar,BIJNOR,BSP,7,Graduate,2499628021.0,1016148176.0,29.38; 78.14,29.38,78.14
278,Maneka Sanjay Gandhi,SULTANPUR,BJP,0,12th Pass,556926451.0,11935800.0,26.26; 82.07,26.26,82.07
279,"Manickam Tagore, B.",VIRUDHUNAGAR,INC,1,Graduate Professional,49705799.0,3600203.0,9.6; 78.0,9.6,78.0
280,Manish Tewari,ANANDPUR SAHIB,INC,0,Graduate Professional,154637860.0,0.0,31.24; 76.5,31.24,76.5
281,Manjulata Mandal,BHADRAK,BJD,0,Graduate,39417891.0,8958149.0,21.055805; 86.499699,21.055805,86.499699
282,Manne Srinivas Reddy,MAHBUBNAGAR,TRS,0,12th Pass,63353123.0,4569251.0,16.7; 78.0,16.7,78.0
283,Manoj Kishorbhai Kotak,MUMBAI NORTH EAST,BJP,2,10th Pass,54661944.0,2048000.0,19.13; 72.93,19.13,72.93
284,Manoj Rajoria,KARAULI DHOLPUR,BJP,0,Post Graduate,64867148.0,22121569.0,26.6; 77.5,26.6,77.5
285,Manoj Tiwari,NORTH EAST DELHI,BJP,3,Post Graduate,242817031.0,13618755.0,28.7090; 77.2750,28.709,77.275
286,Mansukhbhai Vasava,BHARUCH,BJP,0,Post Graduate,6835957.0,0.0,21.7; 73.0,21.7,73.0
287,Margani Bharat Ram,RAJAHMUNDRY,YSRCP,2,Graduate,458205360.0,17814757.0,17.01; 81.80,17.01,81.8
288,Meenakashi Lekhi,NEW DELHI,BJP,0,Graduate Professional,361441689.0,7938378.0,28.6350; 77.2200,28.635,77.22
289,Mimi Chakraborty,JADAVPUR,AITC,0,Graduate,24398786.0,1900788.0,22.502513; 88.3676051,22.502513,88.3676051
290,Miteshbhai Patel,ANAND,BJP,2,Others,77043053.0,7810840.0,22.6; 72.9,22.6,72.9
291,Mohammad Akbar Lone,BARAMULLA,Jammu & Kashmir National Conference,0,Graduate Professional,597434000.0,104935.0,34.202; 74.352,34.202,74.352
292,Mohammad Azam Khan,RAMPUR,SP,10,Graduate Professional,46124814.0,0.0,25.47; 82.58,25.47,82.58
293,Mohammad Sadique,FARIDKOT,INC,0,5th Pass,19793884.0,311043.0,30.68; 74.75,30.68,74.75
294,Mohammed Faizal Pp,LAKSHADWEEP,NCP,2,Post Graduate,938641.0,0.0,10.57; 72.63,10.57,72.63
295,Mohan Mandavi,KANKER,BJP,0,Post Graduate,28675553.0,679000.0,20.3; 81.5,20.3,81.5
296,Mukesh Rajput,FARRUKHABAD,BJP,0,Graduate,74964501.0,388246.0,27.41; 79.48,27.41,79.48
297,Mulayam Singh Yadav,MAINPURI,SP,1,Post Graduate,205604593.0,22055657.0,27.22; 79.03,27.22,79.03
298,N. Reddeppa,CHITTOOR,YSRCP,0,Post Graduate,17355862.0,1341542.0,13.15000; 78.97000,13.15,78.97
299,Naba Kumar Sarania,KOKRAJHAR,IND,5,12th Pass,13013994.0,175069.0,26.4; 90.3,26.4,90.3
300,Nakul Nath,CHHINDWARA,INC,0,Graduate,6601946757.0,8791712.0,22.07; 78.93,22.07,78.93
301,Nalamada Uttam Kumar Reddy,NALGONDA,INC,4,Graduate,31501349.0,1200000.0,17.1; 79.3,17.1,79.3
302,Nalin Kumar Kateel,DAKSHINA KANNADA,BJP,4,10th Pass,14678300.0,4450945.0,12.83; 75.24,12.83,75.24
303,Nama Nageswr Rao,KHAMMAM,TRS,5,12th Pass,1074671341.0,80721594.0,17.2; 80.1,17.2,80.1
304,Nandkumar Singh Chouhan (Nandu Bhaiya),KHANDWA,BJP,0,Post Graduate,19076515.0,4819099.0,21.3; 76.2,21.3,76.2
305,Narendra Kumar,JHUNJHUNU,BJP,1,Graduate,47474109.0,3278401.0,28.1; 75.4,28.1,75.4
306,Narendra Modi,VARANASI,BJP,0,Post Graduate,25136119.0,0.0,25.32; 82.99,25.32,82.99
307,Narendra Singh Tomar,MORENA,BJP,1,Graduate,23062224.0,6689767.0,26.5; 78.0,26.5,78.0
308,Navneet Ravi Rana,AMRAVATI,IND,1,10th Pass,124554656.0,70576979.0,20.9319417; 77.7652917,20.9319417,77.7652917
309,Nayab Singh,KURUKSHETRA,BJP,0,Graduate Professional,35785621.0,5720000.0,30.0; 76.9,30.0,76.9
310,Nihal Chand,GANGANAGAR,BJP,0,Graduate,21014362.0,3631287.0,29.9; 73.9,29.9,73.9
311,Nishikant Dubey,GODDA,BJP,4,Doctorate,462757500.0,0.0,24.83; 87.21,24.83,87.21
312,Nitesh Ganga Deb,SAMBALPUR,BJP,1,12th Pass,269543587.0,10337195.0,21.48; 83.98,21.48,83.98
313,Nitin Jairam Gadkari,NAGPUR,BJP,4,Graduate Professional,187916075.0,40729055.0,21.1; 79.1,21.1,79.1
314,Nityanand Rai,UJIARPUR,BJP,3,Graduate,187007570.0,357561.0,25.8; 85.8,25.8,85.8
315,Nusrat Jahan Ruhi,BASIRHAT,AITC,0,12th Pass,29088391.0,16881608.0,22.66; 88.89,22.66,88.89
316,Om Birla,KOTA,BJP,1,Post Graduate,48347737.0,0.0,25.2; 75.9,25.2,75.9
317,Omprakash Bhupalsinh Alias Pavan Rajenimbalkar,OSMANABAD,SHS,4,12th Pass,50299295.0,10045858.0,18.2; 76.0,18.2,76.0
318,P R Natarajan,COIMBATORE,CPI(M),1,12th Pass,20284430.0,3234168.0,11.0; 77.0,11.0,77.0
319,P. C. Mohan,BANGALORE CENTRAL,BJP,0,12th Pass,755529306.0,312521957.0,12.99; 77.61,12.99,77.61
320,P. P. Chaudhary,PALI,BJP,0,Graduate Professional,385111923.0,7278041.0,25.8; 73.3,25.8,73.3
321,P. Raveendranath Kumar,THENI,AIADMK,0,Post Graduate,65803231.0,32734079.0,10.01; 77.48,10.01,77.48
322,P.V.Midhun Reddy,RAJAMPET,YSRCP,3,Post Graduate,665085701.0,205473477.0,17.1; 81.7,17.1,81.7
323,Paarivendhar T R,PERAMBALUR,DMK,2,Post Graduate,972730368.0,65935070.0,11.23; 78.88,11.23,78.88
324,Pakauri Lal,ROBERTSGANJ,Apna Dal (Soneylal),0,Literate,23048078.0,684133.0,24.68; 83.08,24.68,83.08
325,Palanimanickam.S.S,THANJAVUR,DMK,0,Graduate Professional,42452076.0,2368600.0,10.8; 79.1,10.8,79.1
326,Pallab Lochan Das,TEZPUR,BJP,0,Graduate,14445139.0,0.0,26.7; 92.8,26.7,92.8
327,Pankaj Choudhary,MAHARAJGANJ,BJP,5,12th Pass,371827109.0,4483048.0,27.15; 83.56,27.15,83.56
328,Parbatbhai Patel,BANASKANTHA,BJP,0,Graduate Professional,41819177.0,4500000.0,24.3; 72.4,24.3,72.4
329,Parbhubhai Nagarbhai Vasava,BARDOLI,BJP,0,Others,28350217.0,3676869.0,21.11667; 73.1167,21.11667,73.1167
330,Parthiban.S.R,SALEM,DMK,4,Graduate Professional,60045532.0,4039841.0,11.67; 78.15,11.67,78.15
331,Parvesh Sahib Singh,WEST DELHI,BJP,0,Post Graduate,155195014.0,40097329.0,28.6660; 77.0670,28.666,77.067
332,Pashupati Kumar Paras,HAJIPUR,LJP,1,Graduate Professional,62834200.0,6744375.0,25.7; 85.2,25.7,85.2
333,Pashupati Nath Singh,DHANBAD,BJP,0,Graduate,27286918.0,0.0,23.81; 86.44,23.81,86.44
334,Patel Hasmukhbhai Somabhai,AHMEDABAD EAST,BJP,0,Others,74699690.0,6252577.0,23.019; 72.65,23.019,72.65
335,Patel Lalubhai Babubhai,DAMAN AND DIU,BJP,0,8th Pass,213993750.0,9969514.0,20.42; 72.83,20.42,72.83
336,Patil Chandrakant,NAVSARI,BJP,1,10th Pass,446044269.0,56846658.0,20.9; 72.9,20.9,72.9
337,Patil Hemant Shriram,HINGOLI,SHS,0,Graduate,18594458.0,1299983.0,19.72; 77.15,19.72,77.15
338,Pinaki Misra,PURI,BJD,0,Graduate Professional,1174701344.0,21932742.0,19.8; 85.8,19.8,85.8
339,Pocha Brahmananda Reddy,NANDYAL,YSRCP,1,Post Graduate,585932911.0,177035582.0,15.5; 78.5,15.5,78.5
340,Poonam Vajendla Rao,MUMBAI NORTH CENTRAL,BJP,2,Others,22242513.0,0.0,19.2; 72.8,19.2,72.8
341,Poonamben Hematbhai Maadam,JAMNAGAR,BJP,0,Graduate,427331034.0,98632194.0,22.5; 70.0,22.5,70.0
342,Pothuganti Ramulu,NAGARKURNOOL,TRS,0,Graduate,10778684.0,0.0,16.5; 78.3,16.5,78.3
343,Pradan Baruah,LAKHIMPUR,BJP,0,12th Pass,14307978.0,5839285.0,26.5; 91.9,26.5,91.9
344,Pradeep Kumar,KAIRANA,BJP,5,Post Graduate,17292937.0,1300000.0,29.4; 77.2,29.4,77.2
345,Pradeep Kumar Singh,ARARIA,BJP,3,10th Pass,5010577.0,1159200.0,26.1; 87.4,26.1,87.4
346,Pradyut Bordoloi,NAWGONG,INC,0,Post Graduate,74143272.0,4011152.0,26.35; 92.69,26.35,92.69
347,Prahalad Singh Patel,DAMOH,BJP,0,Graduate Professional,43292483.0,4230614.0,23.82; 79.44,23.82,79.44
348,Prajwal R,HASSAN,JD(S),0,Graduate Professional,97848632.0,37253210.0,13.0; 76.1,13.0,76.1
349,Pralhad Joshi,DHARWAD,BJP,1,Graduate,111384447.0,51736254.0,15.5; 75.0,15.5,75.0
350,Pramila Bisoyi,ASKA,BJD,0,5th Pass,732470.0,0.0,19.620277; 84.664078,19.620277,84.664078
351,Prasun Banerjee,HOWRAH,AITC,1,Graduate,13216066.0,0.0,22.5736296; 88.3251045,22.5736296,88.3251045
352,Pratap Chandra Sarangi,BALASORE,BJP,7,Graduate,1346236.0,160.0,21.489723; 86.920189,21.489723,86.920189
353,Prataprao Ganpatrao Jadhav,BULDHANA,SHS,3,12th Pass,116272966.0,735482.0,20.5; 76.2,20.5,76.2
354,Prathap Simha,MYSORE,BJP,3,Post Graduate,18723762.0,6586698.0,12.3; 76.6,12.3,76.6
355,Pratima Bhoumik,TRIPURA WEST,BJP,0,Graduate,642398.0,0.0,23.85; 91.28,23.85,91.28
356,Pratima Mondal,JAYNAGAR,AITC,0,Post Graduate,27471675.0,0.0,22.1751965; 88.4200762,22.1751965,88.4200762
357,Praveen Kumar Nishad,SANT KABIR NAGAR,BJP,0,Graduate Professional,4300614.0,2326248.0,26.73; 83.02,26.73,83.02
358,Premachandran N K,KOLLAM,Revolutionary Socialist Party,5,Graduate Professional,17500650.0,3270587.0,8.89; 76.61,8.89,76.61
359,Preneet Kaur,PATIALA,INC,0,Graduate,635973757.0,42453369.0,30.3; 76.4,30.3,76.4
360,Pritam Gopinathrao Munde,BEED,BJP,1,Post Graduate,167477926.0,98833794.0,18.9863306; 75.7671833,18.9863306,75.7671833
361,Queen Oja,GAUHATI,BJP,0,Graduate,630219570.0,34034178.0,26.2; 91.7,26.2,91.7
362,R. K. Singh,ARRAH,BJP,1,Graduate Professional,79971720.0,0.0,25.6; 84.7,25.6,84.7
363,R.K. Singh Patel,BANDA,BJP,2,Graduate,55794086.0,0.0,25.48; 80.34,25.48,80.34
364,Radha Mohan Singh,PURVI CHAMPARAN,BJP,1,Graduate,33791375.0,1146627.0,26.6; 84.9,26.6,84.9
365,Rahul Gandhi,WAYANAD,INC,5,Post Graduate,158877063.0,7201904.0,11.634; 75.992,11.634,75.992
366,Rahul Kaswan,CHURU,BJP,0,Graduate,36723865.0,15163379.0,28.3; 75.0,28.3,75.0
367,Rahul Ramesh Shewale,MUMBAI SOUTH CENTRAL,SHS,0,Others,18881363.0,7778954.0,19.0; 72.9,19.0,72.9
368,Raja Amareshwara Naik,RAICHUR,BJP,0,Graduate Professional,30638375.0,678532.0,16.2; 77.4,16.2,77.4
369,Rajan Baburao Vichare,THANE,SHS,9,12th Pass,181441465.0,54080733.0,19.22; 72.98,19.22,72.98
370,Rajashree Mallick,JAGATSINGHPUR,BJD,0,Graduate Professional,40023972.0,1433305.0,20.210605; 86.168113,20.210605,86.168113
371,Rajbahadur Singh,SAGAR,BJP,1,Post Graduate,16416828.0,547428.0,23.83; 78.71,23.83,78.71
372,Rajdeep Roy,SILCHAR,BJP,0,Post Graduate,29901767.0,6976701.0,24.8; 92.8,24.8,92.8
373,Rajendra Agarwal,MEERUT,BJP,3,Post Graduate,13489377.0,1990094.0,28.98; 77.71,28.98,77.71
374,Rajesh Verma,SITAPUR,BJP,1,Post Graduate,73129716.0,108148.0,27.51; 80.76,27.51,80.76
375,Rajiv Pratap Rudy,SARAN,BJP,0,Post Graduate,80740349.0,0.0,25.9; 84.8,25.9,84.8
376,Rajiv Ranjan Singh,MUNGER,JD(U),1,Graduate,88324866.0,7534918.0,25.4; 86.5,25.4,86.5
377,Rajkumar Chahar,FATEHPUR SIKRI,BJP,3,Graduate,14854247.0,356404.0,27.1; 77.67,27.1,77.67
378,Rajmohan Unnithan,KASARAGOD,INC,1,Graduate,21570257.0,862257.0,12.51; 74.98,12.51,74.98
379,Rajnath Singh,LUCKNOW,BJP,0,Post Graduate,51492709.0,0.0,26.85; 80.94,26.85,80.94
380,Raju Bista,DARJEELING,BJP,0,Graduate,151106062.0,27428941.0,27.039; 88.264,27.039,88.264
381,Rajveer Singh,ETAH,BJP,0,Graduate Professional,383629735.0,100220000.0,27.56; 78.66,27.56,78.66
382,Rajvir Diler,HATHRAS,BJP,0,12th Pass,14930000.0,0.0,27.6; 78.05,27.6,78.05
383,Rakesh Singh,JABALPUR,BJP,1,Graduate,43134351.0,1387000.0,23.16; 79.95,23.16,79.95
384,Ram Charan Bohra,JAIPUR,BJP,0,12th Pass,165322707.0,22000000.0,26.90; 75.79,26.9,75.79
385,Ram Kripal Yadav,PATALIPUTRA,BJP,0,Graduate,29213467.0,1717310.0,25.6; 85.1,25.6,85.1
386,Ram Shiromani,SHRAWASTI,BSP,0,Graduate Professional,19108216.0,350000.0,27.7; 81.84,27.7,81.84
387,Ram Swaroop Sharma,MANDI,BJP,0,10th Pass,15724337.0,783963.0,31.7; 76.9,31.7,76.9
388,Rama Devi,SHEOHAR,BJP,1,Graduate Professional,328364940.0,0.0,26.5; 85.29,26.5,85.29
389,Ramakant Bhargava,VIDISHA,BJP,0,12th Pass,30032282.0,3332012.0,23.53; 77.82,23.53,77.82
390,Ramalingam S,MAYILADUTHURAI,DMK,0,Graduate,13355095.0,215000.0,11.1018845; 79.5795889,11.1018845,79.5795889
391,Ramapati Ram Tripathi,DEORIA,BJP,1,Graduate Professional,29451678.0,9310684.0,26.5; 83.78,26.5,83.78
392,Ramchandra Paswan,SAMASTIPUR,LJP,5,10th Pass,17375975.0,999057.0,25.9; 85.8,25.9,85.8
393,Ramdas Chandrabhanji Tadas,WARDHA,BJP,0,10th Pass,65807822.0,8961387.0,20.7; 78.6,20.7,78.6
394,Ramesh Bidhuri,SOUTH DELHI,BJP,2,Graduate Professional,180052708.0,2038454.0,28.5040; 77.2140,28.504,77.214
395,Ramesh Chand,BHADOHI,BJP,6,10th Pass,94089148.0,21696413.0,25.39; 82.57,25.39,82.57
396,Ramesh Chander Kaushik,SONIPAT,BJP,0,Graduate Professional,235859266.0,0.0,29.0; 77.1,29.0,77.1
397,Ramesh Chandra Majhi,NABARANGPUR,BJD,0,Graduate,8100600.0,771000.0,19.23; 82.55,19.23,82.55
398,Ramesh Pokhriyal Nishank,HARIDWAR,BJP,0,Doctorate,28739888.0,16444.0,29.9; 78.1,29.9,78.1
399,Rameshbhai Dhaduk,PORBANDAR,BJP,0,10th Pass,357564783.0,217944697.0,21.6; 69.6,21.6,69.6
400,Rameswar Teli,DIBRUGARH,BJP,0,10th Pass,4370067.0,0.0,27.5; 94.9,27.5,94.9
401,Rammohannaidu Kinjarapu,SRIKAKULAM,TDP,1,Post Graduate,122791042.0,12000000.0,18.3; 83.9,18.3,83.9
402,Ramprit Mandal,JHANJHARPUR,JD(U),1,10th Pass,88119686.0,1000000.0,26.2667; 86.2833,26.2667,86.2833
403,Ramya Haridas,ALATHUR,INC,3,10th Pass,1152816.0,0.0,10.6; 76.5,10.6,76.5
404,Ranjanben Bhatt,VADODARA,BJP,0,12th Pass,29426428.0,0.0,22.18; 73.12,22.18,73.12
405,Ranjeeta Kumari,BHARATPUR,BJP,0,8th Pass,3117190.0,0.0,27.22; 77.49,27.22,77.49
406,Ranjeetsinha Hindurao Naik Nimbalkar,MADHA,BJP,2,12th Pass,1275160578.0,896315287.0,18.0; 75.5,18.0,75.5
407,Rao Inderjit Singh,GURGAON,BJP,0,Graduate Professional,420970754.0,31500000.0,28.4; 77.0,28.4,77.0
408,Rao Uday Pratap Singh,HOSHANGABAD,BJP,1,Graduate,154783105.0,9103300.0,22.667; 77.500,22.667,77.5
409,Ratansinh Rathod,PANCHMAHAL,BJP,0,Graduate Professional,10260663.0,1081611.0,22.7; 73.6,22.7,73.6
410,Rathod Dipsinh Shankarsinh,SABARKANTHA,BJP,0,8th Pass,23997443.0,0.0,23.8; 73.0,23.8,73.0
411,Rathva Gitaben Vajesingbhai,CHHOTA UDAIPUR,BJP,0,12th Pass,8634660.0,0.0,22.3; 74.0,22.3,74.0
412,Rattan Lal Kataria,AMBALA,BJP,0,Post Graduate,54361499.0,188861.0,30.377; 76.775,30.377,76.775
413,Ravi Shankar Prasad,PATNA SAHIB,BJP,0,Post Graduate,235275591.0,0.0,25.596; 85.230,25.596,85.23
414,Ravikumar D,VILUPPURAM,DMK,0,Doctorate,6509860.0,1369031.0,11.94; 79.49,11.94,79.49
415,Ravinder,SALEMPUR,BJP,0,12th Pass,27031724.0,249400.0,26.3; 83.92,26.3,83.92
416,Ravindra Shyamnarayan Shukla Alias Ravi Kishan,GORAKHPUR,BJP,0,12th Pass,208494688.0,17711043.0,26.76; 83.39,26.76,83.39
417,Ravneet Singh Bittu,LUDHIANA,INC,3,12th Pass,54281096.0,3331266.0,30.9; 75.9,30.9,75.9
418,Rebati Tripura,TRIPURA EAST,BJP,0,Post Graduate,1948315.0,0.0,24.04; 92.02,24.04,92.02
419,Rekha Verma,DHAURAHRA,BJP,3,12th Pass,24735488.0,7095916.0,27.36; 81.04,27.36,81.04
420,Renuka Singh Saruta,SURGUJA,BJP,0,12th Pass,27682493.0,3251275.0,23.1; 83.2,23.1,83.2
421,Rita Bahuguna Joshi,ALLAHABAD,BJP,6,Doctorate,26919330.0,1600000.0,25.4; 81.8,25.4,81.8
422,Ritesh Pandey,AMBEDKAR NAGAR,BSP,1,Graduate,307265103.0,24739098.0,25.41; 81.86,25.41,81.86
423,Riti Pathak,SIDHI,BJP,0,Post Graduate,51541791.0,505922.0,24.42; 81.88,24.42,81.88
424,Rodmal Nagar,RAJGARH,BJP,0,Graduate,40198295.0,3921362.0,24.250; 74.933,24.25,74.933
425,S. Jagathrakshakan,ARAKKONAM,DMK,2,10th Pass,1146984897.0,166365972.0,13.1; 79.7,13.1,79.7
426,S. Muniswamy,KOLAR,BJP,2,12th Pass,174557500.0,19865690.0,13.1; 78.1,13.1,78.1
427,Sadashiv Kisan Lokhande,SHIRDI,SHS,1,10th Pass,113710526.0,205100.0,19.8; 74.5,19.8,74.5
428,Sadhvi Niranjan Jyoti,FATEHPUR,BJP,0,12th Pass,10667372.0,910148.0,25.92; 80.81,25.92,80.81
429,Sadhvi Pragya Singh Thakur,BHOPAL,BJP,1,Post Graduate,444224.0,0.0,23.2667; 77.4,23.2667,77.4
430,Sajda Ahmed,ULUBERIA,AITC,0,Graduate,28351569.0,5322615.0,22.47; 88.11,22.47,88.11
431,Sandhya Ray,BHIND,BJP,0,Post Graduate,51108660.0,13400000.0,26.6; 78.8,26.6,78.8
432,Sangam Lal Gupta,PRATAPGARH,BJP,2,8th Pass,248789514.0,8895225.0,25.89; 91.94,25.89,91.94
433,Sangeeta Azad,LALGANJ,BSP,0,Graduate Professional,88451770.0,0.0,26.16; 80.97,26.16,80.97
434,Sangh Mitra Maurya,BADAUN,BJP,2,Graduate Professional,40372093.0,0.0,28.03; 79.13,28.03,79.13
435,Sanjay Bhatia,KARNAL,BJP,0,Graduate,2256739.0,500000.0,29.7; 77.0,29.7,77.0
436,Sanjay Sadashivrao Mandlik,KOLHAPUR,SHS,0,Post Graduate,95171892.0,10580414.0,16.7; 74.2,16.7,74.2
437,Sanjay Seth,RANCHI,BJP,0,Graduate Professional,14044267.0,100000.0,23.4; 85.3,23.4,85.3
438,Sanjay Shamrao Dhotre,AKOLA,BJP,1,Graduate Professional,77153230.0,14985774.0,20.7089139; 76.9965917,20.7089139,76.9965917
439,Sanjaykaka Patil,SANGLI,BJP,1,10th Pass,191192187.0,23345328.0,16.8; 74.6,16.8,74.6
440,Sanjeev Kumar Balyan,MUZAFFARNAGAR,BJP,1,Doctorate,15781189.0,2373645.0,29.5; 77.71,29.5,77.71
441,Santokh Singh Chaudhary,JALANDHAR,INC,0,Graduate Professional,99925185.0,2534363.0,31.3; 75.6,31.3,75.6
442,Santosh Kumar,PURNIA,JD(U),1,12th Pass,41036294.0,2500000.0,25.8; 87.5,25.8,87.5
443,Santosh Kumar Gangwar,BAREILLY,BJP,0,Graduate Professional,126356142.0,13055209.0,28.37; 79.42,28.37,79.42
444,Santosh Pandey,RAJNANDGAON,BJP,0,Graduate Professional,24861970.0,1519820.0,21.1; 81.0,21.1,81.0
445,Saptagiri Sankar Ulaka,KORAPUT,INC,0,Graduate Professional,37587560.0,1217963.0,18.814545; 82.708125,18.814545,82.708125
446,Sarmistha Sethi,JAJPUR,BJD,0,Post Graduate,15837082.0,0.0,20.831457; 86.328803,20.831457,86.328803
447,Satabdi Roy (Banerjee),BIRBHUM,AITC,0,Graduate,48652722.0,18604443.0,23.9167; 87.5333,23.9167,87.5333
448,Satish Kumar Gautam,ALIGARH,BJP,0,10th Pass,109522559.0,28095176.0,27.9; 78.08,27.9,78.08
449,Satyadev Pachauri,KANPUR,BJP,0,Post Graduate,132382819.0,31052190.0,26.46; 80.32,26.46,80.32
450,Satyapal Singh Baghel,AGRA,BJP,5,Doctorate,74274036.0,8606522.0,27.18; 78.01,27.18,78.01
451,Saumitra Khan,BISHNUPUR,BJP,6,12th Pass,8656777.0,1077120.0,23.08; 87.32,23.08,87.32
452,Selvam.G,KANCHEEPURAM,DMK,0,Post Graduate,48172936.0,0.0,12.82; 79.71,12.82,79.71
453,Selvaraj M,NAGAPATTINAM,CPI,0,12th Pass,4572837.0,1251381.0,10.77; 79.83,10.77,79.83
454,Shankar Lalwani,INDORE,BJP,2,Graduate Professional,59038508.0,2106382.0,22.75; 75.83,22.75,75.83
455,Shantanu Thakur,BANGAON,BJP,8,Graduate,5265388.0,0.0,23.07; 88.82,23.07,88.82
456,Shardaben Anilbhai Patel,MAHESANA,BJP,0,12th Pass,440308300.0,7477793.0,23.6; 72.4,23.6,72.4
457,Shashi Tharoor,THIRUVANANTHAPURAM,INC,2,Doctorate,350022585.0,0.0,8.5; 76.9,8.5,76.9
458,Shobha Karandlaje,UDUPI CHIKMAGALUR,BJP,3,Post Graduate,104872668.0,49936840.0,13.4; 75.2,13.4,75.2
459,Shri Dilip Saikia,MANGALDOI,BJP,0,Graduate,6206286.0,0.0,26.5; 92.0,26.5,92.0
460,Shri. Sha. Bra. Dr. Jay Siddeshwar Shivachrya Mahaswamiji,SOLAPUR,BJP,0,Graduate,27870079.0,0.0,17.66; 75.92,17.66,75.92
461,Shripad Yesso Naik,NORTH GOA,BJP,0,Graduate,65795623.0,1491387.0,15.67; 73.81,15.67,73.81
462,Shrirang Chandu Barne,MAVAL,SHS,3,8th Pass,1023310134.0,416612.0,18.8; 73.4,18.8,73.4
463,Shyam Singh Yadav,JAUNPUR,BSP,0,Post Graduate,140717620.0,3577000.0,25.74; 82.67,25.74,82.67
464,Sisir Kumar Adhikari,KANTHI,AITC,3,12th Pass,33979650.0,0.0,21.78; 87.74,21.78,87.74
465,Smriti Irani,AMETHI,BJP,0,12th Pass,111099609.0,0.0,26.16; 81.81,26.16,81.81
466,Smt. Sangeeta Kumari Singh Deo,BOLANGIR,BJP,0,Graduate,379590851.0,7500000.0,20.681917; 83.338233,20.681917,83.338233
467,Som Parkash,HOSHIARPUR,BJP,0,Post Graduate,29404519.0,0.0,31.5; 75.9,31.5,75.9
468,Sonia Gandhi,RAE BARELI,INC,1,Others,118263916.0,0.0,26.23; 81.25,26.23,81.25
469,Sougata Ray,DUM DUM,AITC,1,Post Graduate,42518790.0,0.0,22.62; 88.42,22.62,88.42
470,Sri Nisith Pramanik,COOCH BEHAR,BJP,11,8th Pass,9629810.0,0.0,26.32419; 89.45103,26.32419,89.45103
471,Sridhar Kotagiri,ELURU,YSRCP,0,Graduate,462808829.0,33560974.0,16.7; 81.1,16.7,81.1
472,Srinivas Kesineni,VIJAYAWADA,TDP,0,10th Pass,808152415.0,512332955.0,16.5; 80.6,16.5,80.6
473,Subbarayan.K,TIRUPPUR,CPI,0,10th Pass,8035576.0,500000.0,11.1; 77.4,11.1,77.4
474,Subhas Kumar Sarkar,BANKURA,BJP,1,Graduate Professional,19799440.0,3261495.0,23.25; 87.07,23.25,87.07
475,Subhash Chandra Baheria,BHILWARA,BJP,0,Graduate,232703276.0,1827380.0,25.3; 74.6,25.3,74.6
476,Subhash Ramrao Bhamre,DHULE,BJP,2,Post Graduate,158651112.0,1000000.0,20.9; 74.8,20.9,74.8
477,Subrat Pathak,KANNAUJ,BJP,11,Graduate,54287991.0,28993930.0,27.05; 79.92,27.05,79.92
478,Sudarshan Bhagat,LOHARDAGA,BJP,0,Graduate,12947303.0,525000.0,23.4; 84.7,23.4,84.7
479,Sudhakar Tukaram Shrangare,LATUR,BJP,0,10th Pass,286478302.0,100250602.0,18.4; 76.6,18.4,76.6
480,Sudheer Gupta,MANDSOUR,BJP,1,Post Graduate,90908944.0,799283.0,24.07; 75.06,24.07,75.06
481,Sujay Radhakrishna Vikhe,AHMEDNAGAR,BJP,0,Doctorate,168664576.0,2623964.0,19.1023500; 74.7502333,19.10235,74.7502333
482,Sukanta Majumdar,BALURGHAT,BJP,0,Doctorate,5825866.0,2168170.0,25.22; 88.77,25.22,88.77
483,Sukhbir Singh Badal,FIROZPUR,SAD,4,Post Graduate,2179919870.0,954852600.0,30.94; 74.61,30.94,74.61
484,Sukhbir Singh Jaunapuria,TONK SAWAI MADHOPUR,BJP,0,12th Pass,1233802420.0,0.0,26.0; 76.0,26.0,76.0
485,Sumalatha Ambareesh,MANDYA,IND,0,10th Pass,234154139.0,14232295.0,12.5; 76.9,12.5,76.9
486,Sumathy Alias Thamizhachi Thangapandian,CHENNAI SOUTH,DMK,0,Doctorate,91793460.0,500000.0,12.87; 80.19,12.87,80.19
487,Sumedhanand Saraswati,SIKAR,BJP,0,Post Graduate,2827638.0,2719583.0,27.6; 75.2,27.6,75.2
488,Sunil Baburao Mendhe,BHANDARA GONDIYA,BJP,2,Others,627543615.0,19861338.0,21.3; 79.9,21.3,79.9
489,Sunil Kumar,SITAMARHI,JD(U),6,Graduate,60717031.0,10277790.0,26.6; 85.5,26.6,85.5
490,Sunil Kumar Mondal,BARDHAMAN PURBA,AITC,0,Graduate Professional,20371283.0,148598.0,23.2; 87.9,23.2,87.9
491,Sunil Kumar Singh,CHATRA,BJP,0,Post Graduate,226209137.0,1889051.0,24.21; 84.87,24.21,84.87
492,Sunil Kumar Soni,RAIPUR,BJP,0,Graduate,46068126.0,2482214.0,21.3; 81.6,21.3,81.6
493,Sunil Soren,DUMKA,BJP,0,12th Pass,4737559.0,685516.0,24.3; 87.3,24.3,87.3
494,Sunita Duggal,SIRSA,BJP,0,Post Graduate,42596349.0,2500000.0,29.5; 75.0,29.5,75.0
495,Supriya Sadanand Sule,BARAMATI,NCP,0,Graduate,1408888704.0,5500000.0,18.1562917; 74.5802889,18.1562917,74.5802889
496,Surendrajeet Singh Ahluwalia,BARDHAMAN DURGAPUR,BJP,0,Graduate Professional,26521750.0,744076.0,23.4; 87.6,23.4,87.6
497,Suresh Babu Nandigam,BAPATLA,YSRCP,0,8th Pass,4158610.0,269000.0,15.9; 80.5,15.9,80.5
498,Suresh Kumar Kashyap,SHIMLA,BJP,0,Post Graduate,15705738.0,7873806.0,31.1; 77.2,31.1,77.2
499,Suresh Pujari,BARGARH,BJP,0,Post Graduate,11673429.0,0.0,21.347144; 83.628632,21.347144,83.628632
500,Sushil Kumar Singh,AURANGABAD,BJP,3,Post Graduate,167895109.0,3746607.0,24.8; 84.4,24.8,84.4
501,Swami Sachchidanand Hari Sakshi,UNNAO,BJP,4,Doctorate,40886941.0,699025.0,26.59; 80.52,26.59,80.52
502,T. N. Prathapan,THRISSUR,INC,7,12th Pass,8609349.0,2978120.0,10.5; 76.2,10.5,76.2
503,T. R. V .S. Ramesh,CUDDALORE,DMK,0,Graduate Professional,423378552.0,102828604.0,11.75; 79.75,11.75,79.75
504,Talari Rangaiah,ANANTAPUR,YSRCP,1,Doctorate,11773091.0,1135547.0,14.68; 77.6,14.68,77.6
505,Tapir Gao,ARUNACHAL EAST,BJP,0,Post Graduate,136628259.0,0.0,28.3; 96.3,28.3,96.3
506,Tatkare Sunil Dattatray,RAIGAD,NCP,0,Others,127487277.0,3221073.0,18.2; 73.4,18.2,73.4
507,Tejasvi Surya,BANGALORE SOUTH,BJP,0,Graduate Professional,1346593.0,0.0,12.76; 77.60,12.76,77.6
508,Thirumaavalavan Thol,CHIDAMBARAM,Viduthalai Chiruthaigal Katchi,3,Doctorate,9244092.0,394248.0,11.4; 79.7,11.4,79.7
509,Thirunavukkarasar. Su,TIRUCHIRAPPALLI,INC,0,Post Graduate,32182184.0,40208.0,10.8; 78.7,10.8,78.7
510,Thomas Chazhikadan,KOTTAYAM,Kerala Congress (M),0,Graduate Professional,26027478.0,495778.0,9.60; 76.52,9.6,76.52
511,Tirath Singh Rawat,GARHWAL,BJP,0,Post Graduate,15032657.0,3500000.0,29.9; 78.8,29.9,78.8
512,Tokheho Yepthomi,NAGALAND,Nationalist Democratic Progressive Party,0,Graduate,128117474.0,18600000.0,25.67; 94.12,25.67,94.12
513,Topon Kumar Gogoi,JORHAT,BJP,0,Post Graduate,12597461.0,455398.0,26.8; 94.2,26.8,94.2
514,Tsering Namgyal,LADAKH,BJP,1,Graduate,981904.0,0.0,34.2; 77.6,34.2,77.6
515,Udasi. S.C.,HAVERI,BJP,0,12th Pass,718499195.0,165566495.0,14.80; 75.40,14.8,75.4
516,Unmesh Bhaiyyasaheb Patil,JALGAON,BJP,1,Graduate Professional,12324604.0,2529954.0,21.0; 75.6,21.0,75.6
517,Upendra Singh Rawat,BARABANKI,BJP,1,Post Graduate,18050127.0,3171774.0,26.9; 81.2,26.9,81.2
518,V K Sreekandan,PALAKKAD,INC,7,Graduate,6356399.0,2709000.0,10.8; 76.7,10.8,76.7
519,V Srinivas Prasad,CHAMARAJANAGAR,BJP,0,Post Graduate,143804441.0,324909.0,11.9; 76.9,11.9,76.9
520,V. Vaithilingam,PUDUCHERRY,INC,0,Graduate,108015548.0,520989.0,11.93; 79.13,11.93,79.13
521,Vanga Geetha Viswanatham,KAKINADA,YSRCP,0,Post Graduate,202528594.0,34416887.0,16.98; 82.24,16.98,82.24
522,Vasanthakumar H,KANNIYAKUMARI,INC,0,Post Graduate,4174930444.0,1547511439.0,8.1; 77.5,8.1,77.5
523,Veena Devi,VAISHALI,LJP,2,10th Pass,337284632.0,112089220.0,26.00; 85.08,26.0,85.08
524,Velusamy P,DINDIGUL,DMK,0,Illiterate,148076407.0,31474526.0,10.35; 77.95,10.35,77.95
525,Venkatesan S,MADURAI,CPI(M),0,12th Pass,1811456.0,0.0,9.9; 78.1,9.9,78.1
526,Venkatesh Netha Borlakunta,PEDDAPALLE,TRS,0,Doctorate,16597300.0,0.0,18.6; 79.4,18.6,79.4
527,Vijay Baghel,DURG,BJP,0,Graduate,34429027.0,8748686.0,21.2; 81.3,21.2,81.3
528,Vijay Kumar,GAYA,JD(U),3,12th Pass,12766141.0,3148932.0,24.80; 84.99,24.8,84.99
529,Vijay Kumar Dubey,KUSHI NAGAR,BJP,2,12th Pass,21860780.0,316847.0,26.9; 83.98,26.9,83.98
530,Vijay Kumar Hansdak,RAJMAHAL,JMM,0,10th Pass,12919555.0,2743560.0,25.1; 87.8,25.1,87.8
531,Vijay Kumar Singh,GHAZIABAD,BJP,2,Doctorate,56545702.0,0.0,28.66; 77.45,28.66,77.45
532,Vinayak Bhaurao Raut,RATNAGIRI SINDHUDURG,SHS,3,Post Graduate,50660534.0,2830000.0,16.7; 73.4,16.7,73.4
533,Vincent H. Pala,SHILLONG,INC,0,Graduate Professional,549515421.0,0.0,25.6; 91.9,25.6,91.9
534,Vinod Kumar Sonkar,KAUSHAMBI,BJP,4,Graduate,59336113.0,20730086.0,25.51; 81.43,25.51,81.43
535,Virendra Kumar,TIKAMGARH,BJP,0,Doctorate,21503766.0,1974216.0,24.75; 78.80,24.75,78.8
536,Virendra Singh,BALLIA,BJP,2,Graduate,24498319.0,0.0,25.76; 84.15,25.76,84.15
537,Vishnu Datt Sharma,KHAJURAHO,BJP,0,Post Graduate,10589334.0,2507176.0,24.75; 80.16,24.75,80.16
538,Vishnu Dayal Ram,PALAMU,BJP,0,Graduate,32273873.0,90922.0,23.8; 85.9,23.8,85.9
539,Vishnuprasad. M.K,ARANI,INC,1,Graduate Professional,234564815.0,33409505.0,12.67; 79.28,12.67,79.28
540,Vivek Narayan Shejwalkar,GWALIOR,BJP,0,Graduate Professional,58911673.0,0.0,26.22; 78.17,26.22,78.17
541,Y. Devendrappa,BELLARY,BJP,0,5th Pass,40107878.0,250000.0,15.15; 76.91,15.15,76.91
542,Yeduguri Sandinti Avinash Reddy,KADAPA,YSRCP,4,Post Graduate,186969794.0,22833319.0,14.5; 78.8,14.5,78.8
