Sno,Candidate,Constituency,Party,Criminal Case,Education,Total Assets,Liabilities
1,A M Ariff,ALAPPUZHA,CPI(M),2,Graduate Professional,"Rs 1,52,68,906 ~ 1 Crore+","Rs 22,20,700 ~ 22 Lacs+"
2,A Narayanaswamy,CHITRADURGA,BJP,0,Graduate,"Rs 9,61,97,642 ~ 9 Crore+",Rs 0 ~
3,A. Raja,NILGIRIS,DMK,6,Graduate Professional,"Rs 4,95,91,024 ~ 4 Crore+","Rs 14,24,914 ~ 14 Lacs+"
4,Abdul Khaleque,BARPETA,INC,0,Post Graduate,"Rs 73,98,753 ~ 73 Lacs+","Rs 27,03,693 ~ 27 Lacs+"
5,Abhishek Banerjee,DIAMOND HARBOUR,AITC,0,Graduate,"Rs 1,37,94,320 ~ 1 Crore+",Rs 0 ~
6,Abu Hasem Khan Chowdhury,MALDAHA DAKSHIN,INC,0,Doctorate,"Rs 27,09,59,520 ~ 27 Crore+","Rs 7,28,107 ~ 7 Lacs+"
7,Abu Taher Khan,MURSHIDABAD,AITC,3,8th Pass,"Rs 89,26,616 ~ 89 Lacs+","Rs 13,50,000 ~ 13 Lacs+"
8,Achyutananda Samanta,KANDHAMAL,BJD,0,Doctorate,"Rs 12,44,722 ~ 12 Lacs+",Rs 0 ~
9,Adala Prabhakara Reddy,NELLORE,YSRCP,0,12th Pass,"Rs 2,21,16,63,364 ~ 221 Crore+","Rs 15,22,81,255 ~ 15 Crore+"
10,Adhir Ranjan Chowdhury,BAHARAMPUR,INC,7,10th Pass,"Rs 10,13,15,437 ~ 10 Crore+","Rs 85,06,984 ~ 85 Lacs+"
11,Adoor Prakash,ATTINGAL,INC,7,Graduate Professional,"Rs 14,40,98,612 ~ 14 Crore+","Rs 2,76,22,685 ~ 2 Crore+"
12,Afzal Ansari,GHAZIPUR,BSP,5,Post Graduate,"Rs 13,79,38,756 ~ 13 Crore+",Rs 0 ~
13,Agatha K. Sangma,TURA,NPP,0,Post Graduate,"Rs 2,94,06,813 ~ 2 Crore+",Rs 0 ~
14,Ajay Bhatt,NAINITAL-UDHAMSINGH NAGAR,BJP,0,Graduate Professional,"Rs 1,96,99,529 ~ 1 Crore+",Rs 0 ~
15,Ajay Kumar,KHERI,BJP,1,Graduate Professional,"Rs 4,52,95,455 ~ 4 Crore+",Rs 0 ~
16,Ajay Kumar Mandal,BHAGALPUR,JD(U),0,8th Pass,"Rs 68,01,126 ~ 68 Lacs+","Rs 53,64,747 ~ 53 Lacs+"
17,Ajay Nishad,MUZAFFARPUR,BJP,1,Graduate,"Rs 29,88,67,486 ~ 29 Crore+","Rs 1,57,14,320 ~ 1 Crore+"
18,Ajay Singh Dharmendra Deol (Sunny Deol),GURDASPUR,BJP,0,Others,"Rs 87,19,25,679 ~ 87 Crore+","Rs 53,46,44,785 ~ 53 Crore+"
19,Ajay Tamta,ALMORA,BJP,0,12th Pass,"Rs 99,10,448 ~ 99 Lacs+","Rs 55,845 ~ 55 Thou+"
20,Akhilesh Yadav,AZAMGARH,SP,0,Graduate Professional,"Rs 37,78,59,166 ~ 37 Crore+","Rs 28,53,000 ~ 28 Lacs+"
21,Akshayabar Lal,BAHRAICH,BJP,0,10th Pass,"Rs 4,56,91,463 ~ 4 Crore+","Rs 30,28,133 ~ 30 Lacs+"
22,Amar Singh,FATEHGARH SAHIB,INC,0,Post Graduate,"Rs 3,28,08,836 ~ 3 Crore+",Rs 0 ~
23,Amit Shah,GANDHINAGAR,BJP,4,12th Pass,"Rs 40,32,75,307 ~ 40 Crore+","Rs 47,69,587 ~ 47 Lacs+"
24,Amol Ramsing Kolhe,SHIRUR,NCP,0,Graduate Professional,"Rs 4,33,51,521 ~ 4 Crore+","Rs 14,88,116 ~ 14 Lacs+"
25,Anantkumar Hegde,UTTARA KANNADA,BJP,4,12th Pass,"Rs 8,47,55,455 ~ 8 Crore+","Rs 4,10,16,655 ~ 4 Crore+"
26,Angadi Suresh,BELGAUM,BJP,0,Graduate Professional,"Rs 36,61,64,525 ~ 36 Crore+","Rs 19,84,79,638 ~ 19 Crore+"
27,Anil Firojiya,UJJAIN,BJP,0,12th Pass,"Rs 2,64,17,937 ~ 2 Crore+","Rs 32,03,766 ~ 32 Lacs+"
28,Annadurai C N,TIRUVANNAMALAI,DMK,0,Graduate,"Rs 13,48,97,466 ~ 13 Crore+","Rs 3,22,43,604 ~ 3 Crore+"
29,Annapurna Devi,KODARMA,BJP,0,Post Graduate,"Rs 9,76,36,939 ~ 9 Crore+","Rs 31,89,066 ~ 31 Lacs+"
30,Annasaheb Shankar Jolle,CHIKKODI,BJP,0,12th Pass,"Rs 34,49,22,831 ~ 34 Crore+","Rs 19,55,95,693 ~ 19 Crore+"
31,Anto Antony,PATHANAMTHITTA,INC,1,Graduate,"Rs 60,75,876 ~ 60 Lacs+","Rs 77,23,227 ~ 77 Lacs+"
32,Anubhav Mohanty,KENDRAPARA,BJD,0,Graduate,"Rs 2,23,09,172 ~ 2 Crore+","Rs 41,33,506 ~ 41 Lacs+"
33,Anumula Revanth Reddy,MALKAJGIRI,INC,42,Graduate,"Rs 24,53,57,182 ~ 24 Crore+","Rs 2,78,07,304 ~ 2 Crore+"
34,Anupriya Singh Patel,MIRZAPUR,Apna Dal (Soneylal),2,Post Graduate,"Rs 2,69,00,662 ~ 2 Crore+","Rs 18,05,603 ~ 18 Lacs+"
35,Anurag Sharma,JHANSI,BJP,0,Post Graduate,"Rs 1,24,30,60,113 ~ 124 Crore+","Rs 1,42,12,970 ~ 1 Crore+"
36,Anurag Singh Thakur,HAMIRPUR,BJP,3,Graduate,"Rs 5,67,70,463 ~ 5 Crore+","Rs 10,85,145 ~ 10 Lacs+"
37,Aparajita Sarangi,BHUBANESWAR,BJP,0,Graduate,"Rs 3,16,77,600 ~ 3 Crore+","Rs 43,29,959 ~ 43 Lacs+"
38,Aparupa Poddar (Afrin Ali),ARAMBAG,AITC,1,Post Graduate,"Rs 1,25,27,597 ~ 1 Crore+","Rs 42,44,000 ~ 42 Lacs+"
39,Arjun Munda,KHUNTI,BJP,0,12th Pass,"Rs 9,15,07,865 ~ 9 Crore+","Rs 2,71,06,434 ~ 2 Crore+"
40,Arjun Ram Meghwal,BIKANER,BJP,0,Post Graduate,"Rs 2,35,24,459 ~ 2 Crore+","Rs 10,60,314 ~ 10 Lacs+"
41,Arjun Singh,BARRACKPUR,BJP,24,10th Pass,"Rs 80,55,691 ~ 80 Lacs+","Rs 11,00,000 ~ 11 Lacs+"
42,Arjunlal Meena,UDAIPUR,BJP,0,Post Graduate,"Rs 4,81,96,946 ~ 4 Crore+","Rs 1,56,02,872 ~ 1 Crore+"
43,Arun Kumar Sagar,SHAHJAHANPUR,BJP,1,12th Pass,"Rs 4,34,48,049 ~ 4 Crore+","Rs 11,79,697 ~ 11 Lacs+"
44,Arun Sao,BILASPUR,BJP,0,Graduate Professional,"Rs 1,35,44,588 ~ 1 Crore+","Rs 50,000 ~ 50 Thou+"
45,Arvind Kumar Sharma,ROHTAK,BJP,0,Post Graduate,"Rs 4,10,79,284 ~ 4 Crore+","Rs 1,67,78,090 ~ 1 Crore+"
46,Arvind Sawant,MUMBAI SOUTH,SHS,1,Graduate,"Rs 2,71,81,577 ~ 2 Crore+",Rs 0 ~
47,Asaduddin Owaisi,HYDERABAD,AIMIM,5,Graduate Professional,"Rs 17,90,44,376 ~ 17 Crore+","Rs 12,05,00,000 ~ 12 Crore+"
48,Ashok Kumar,MISRIKH,BJP,0,Post Graduate,"Rs 4,87,71,207 ~ 4 Crore+","Rs 57,35,470 ~ 57 Lacs+"
49,Ashok Kumar Yadav,MADHUBANI,BJP,1,Doctorate,"Rs 4,66,99,125 ~ 4 Crore+","Rs 78,92,847 ~ 78 Lacs+"
50,Ashok Mahadevrao Nete,GADCHIROLI CHIMUR,BJP,0,12th Pass,"Rs 5,01,36,369 ~ 5 Crore+","Rs 1,56,82,840 ~ 1 Crore+"
51,Ashwini Kumar Choubey,BUXAR,BJP,3,Graduate,"Rs 4,01,83,612 ~ 4 Crore+","Rs 13,50,667 ~ 13 Lacs+"
52,Asit Kumar Mal,BOLPUR,AITC,0,10th Pass,"Rs 13,10,691 ~ 13 Lacs+",Rs 0 ~
53,Atul Kumar Singh,GHOSI,BSP,13,Graduate,"Rs 6,65,36,025 ~ 6 Crore+","Rs 34,54,591 ~ 34 Lacs+"
54,B.B.Patil,ZAHIRABAD,TRS,18,Graduate,"Rs 1,28,78,51,556 ~ 128 Crore+","Rs 1,15,35,000 ~ 1 Crore+"
55,B.N.Bache Gowda,CHIKKBALLAPUR,BJP,0,Graduate Professional,"Rs 1,15,35,01,141 ~ 115 Crore+",Rs 0 ~
56,B.Y.Raghavendra,SHIMOGA,BJP,2,Graduate Professional,"Rs 67,40,93,851 ~ 67 Crore+","Rs 1,41,50,647 ~ 1 Crore+"
57,Baalu.T.R.,SRIPERUMBUDUR,DMK,0,Graduate,"Rs 20,88,06,446 ~ 20 Crore+",Rs 0 ~
58,Badruddin Ajmal,DHUBRI,AIUDF,7,Post Graduate,"Rs 78,80,64,044 ~ 78 Crore+","Rs 1,01,59,381 ~ 1 Crore+"
59,Baidyanath Prasad Mahto,VALMIKI NAGAR,JD(U),4,10th Pass,"Rs 1,79,34,888 ~ 1 Crore+","Rs 29,15,945 ~ 29 Lacs+"
60,Balashowry Vallabhaneni,MACHILIPATNAM,YSRCP,2,Post Graduate,"Rs 99,05,75,840 ~ 99 Crore+","Rs 74,63,10,844 ~ 74 Crore+"
61,Balli Durgaprasad Rao,TIRUPATI,YSRCP,0,Graduate Professional,"Rs 1,74,26,921 ~ 1 Crore+",Rs 0 ~
62,Bandi Sanjay Kumar,KARIMNAGAR,BJP,6,Post Graduate,"Rs 22,70,000 ~ 22 Lacs+","Rs 13,41,800 ~ 13 Lacs+"
63,Bandyopadhyay Sudip,KOLKATA UTTAR,AITC,2,Graduate,"Rs 6,11,76,355 ~ 6 Crore+",Rs 0 ~
64,Bapu Rao Soyam,ADILABAD,BJP,52,12th Pass,"Rs 30,99,414 ~ 30 Lacs+","Rs 2,31,450 ~ 2 Lacs+"
65,Basanta Kumar Panda,KALAHANDI,BJP,3,12th Pass,"Rs 95,47,000 ~ 95 Lacs+",Rs 0 ~
66,Bellana Chandra Sekhar,VIZIANAGARAM,YSRCP,4,Graduate Professional,"Rs 2,10,35,766 ~ 2 Crore+","Rs 1,11,30,148 ~ 1 Crore+"
67,Benny Behanan,CHALAKUDY,INC,4,Graduate,"Rs 2,04,61,931 ~ 2 Crore+","Rs 9,15,938 ~ 9 Lacs+"
68,Bhagirath Chaudhary,AJMER,BJP,0,12th Pass,"Rs 8,51,01,774 ~ 8 Crore+","Rs 83,19,942 ~ 83 Lacs+"
69,Bhagwant Mann,SANGRUR,AAP,0,12th Pass,"Rs 1,64,27,274 ~ 1 Crore+",Rs 0 ~
70,Bhagwanth Khuba,BIDAR,BJP,1,Graduate Professional,"Rs 5,18,36,416 ~ 5 Crore+","Rs 1,02,39,000 ~ 1 Crore+"
71,Bhanu Pratap Singh,JALAUN,BJP,1,Post Graduate,"Rs 1,06,99,516 ~ 1 Crore+","Rs 12,265 ~ 12 Thou+"
72,Bharti Pawar,DINDORI,BJP,0,Graduate Professional,"Rs 12,28,85,349 ~ 12 Crore+","Rs 14,49,572 ~ 14 Lacs+"
73,Bhartruhari Mahtab,CUTTACK,BJD,0,Post Graduate,"Rs 10,68,94,976 ~ 10 Crore+",Rs 0 ~
74,Bhavana Pundlikrao Gawali,YAVATMAL WASHIM,SHS,3,Graduate,"Rs 9,68,73,189 ~ 9 Crore+","Rs 73,96,250 ~ 73 Lacs+"
75,Bhola Singh,BULANDSHAHR,BJP,1,Graduate,"Rs 1,87,28,861 ~ 1 Crore+",Rs 0 ~
76,Bholanath (B.P. Saroj),MACHHLISHAHR,BJP,0,Graduate,"Rs 25,90,27,394 ~ 25 Crore+","Rs 1,11,94,163 ~ 1 Crore+"
77,Bhonsle Shrimant Chhatrapati Udayanraje Pratapasinh Maharaj,SATARA,NCP,8,12th Pass,"Rs 1,99,68,13,173 ~ 199 Crore+","Rs 1,23,40,338 ~ 1 Crore+"
78,Bidyut Baran Mahato,JAMSHEDPUR,BJP,3,12th Pass,"Rs 2,77,50,671 ~ 2 Crore+","Rs 29,61,830 ~ 29 Lacs+"
79,Bishweswar Tudu,MAYURBHANJ,BJP,1,10th Pass,"Rs 27,42,000 ~ 27 Lacs+","Rs 4,00,000 ~ 4 Lacs+"
80,Brij Bhushan Sharan Singh,KAISERGANJ,BJP,4,Graduate Professional,"Rs 9,89,05,402 ~ 9 Crore+","Rs 6,15,24,736 ~ 6 Crore+"
81,Brijendra Singh,HISAR,BJP,0,Post Graduate,"Rs 14,64,08,734 ~ 14 Crore+","Rs 2,72,25,637 ~ 2 Crore+"
82,C Lalrosanga,MIZORAM,MNF,0,Graduate,"Rs 13,12,01,374 ~ 13 Crore+",Rs 0 ~
83,Chandan Singh,NAWADA,LJP,2,Graduate,"Rs 17,67,20,167 ~ 17 Crore+","Rs 47,22,200 ~ 47 Lacs+"
84,Chandeshwar Prasad,JAHANABAD,JD(U),3,10th Pass,"Rs 13,92,71,693 ~ 13 Crore+",Rs 0 ~
85,Chandra Prakash,CHITTORGARH,BJP,0,Graduate,"Rs 1,97,25,115 ~ 1 Crore+","Rs 1,00,000 ~ 1 Lacs+"
86,Chandra Prakash Choudhary,GIRIDIH,AJSU Party,2,Graduate,"Rs 1,34,56,889 ~ 1 Crore+","Rs 13,30,000 ~ 13 Lacs+"
87,Chandra Sekhar Sahu,BERHAMPUR,BJD,0,10th Pass,"Rs 1,17,16,989 ~ 1 Crore+",Rs 0 ~
88,Chandrani Murmu,KEONJHAR,BJD,0,Graduate Professional,"Rs 3,40,580 ~ 3 Lacs+",Rs 0 ~
89,Chauhan Devusinh,KHEDA,BJP,0,Others,"Rs 1,30,23,202 ~ 1 Crore+","Rs 9,95,240 ~ 9 Lacs+"
90,Chavda Vinod Lakhamshi,KACHCHH,BJP,0,Post Graduate,"Rs 3,35,08,455 ~ 3 Crore+","Rs 1,24,58,607 ~ 1 Crore+"
91,Chhatar Singh Darbar,DHAR,BJP,1,Post Graduate,"Rs 2,31,98,238 ~ 2 Crore+","Rs 24,71,613 ~ 24 Lacs+"
92,Chhedi Paswan,SASARAM,BJP,4,Post Graduate,"Rs 3,77,86,578 ~ 3 Crore+","Rs 22,14,842 ~ 22 Lacs+"
93,Chikhalikar Pratap Govindrao,NANDED,BJP,0,12th Pass,"Rs 5,21,78,606 ~ 5 Crore+","Rs 5,94,000 ~ 5 Lacs+"
94,Chinraj A.K.P,NAMAKKAL,DMK,0,Graduate,"Rs 48,52,05,173 ~ 48 Crore+","Rs 1,86,42,484 ~ 1 Crore+"
95,Chinta Anuradha,AMALAPURAM,YSRCP,0,Graduate,"Rs 8,59,93,362 ~ 8 Crore+","Rs 24,31,407 ~ 24 Lacs+"
96,Chirag Kumar Paswan,JAMUI,LJP,1,Graduate Professional,"Rs 1,84,66,066 ~ 1 Crore+",Rs 0 ~
97,Choudhary Mahbub Ali Kaisar,KHAGARIA,LJP,1,Graduate,"Rs 10,97,88,313 ~ 10 Crore+",Rs 0 ~
98,Choudhury Mohan Jatua,MATHURAPUR,AITC,0,Post Graduate,"Rs 1,06,67,304 ~ 1 Crore+",Rs 0 ~
99,Chudasama Rajeshbhai Naranbhai,JUNAGADH,BJP,1,12th Pass,"Rs 1,08,66,041 ~ 1 Crore+","Rs 14,81,768 ~ 14 Lacs+"
100,Chunni Lal Sahu,MAHASAMUND,BJP,0,Graduate,"Rs 1,75,91,683 ~ 1 Crore+","Rs 13,83,014 ~ 13 Lacs+"
101,Col. Rajyavardhan Rathore,JAIPUR RURAL,BJP,0,Graduate,"Rs 12,78,08,070 ~ 12 Crore+",Rs 0 ~
102,Cosme Francisco Caitano Sardinha,SOUTH GOA,INC,0,Graduate Professional,"Rs 7,94,02,232 ~ 7 Crore+",Rs 0 ~
103,D.K. Suresh,BANGALORE RURAL,INC,5,12th Pass,"Rs 3,38,89,20,717 ~ 338 Crore+","Rs 51,93,20,305 ~ 51 Crore+"
104,D.M. Kathir Anand,VELLORE,DMK,2,Post Graduate,"Rs 58,75,79,451 ~ 58 Crore+","Rs 33,07,588 ~ 33 Lacs+"
105,D.V. Sadananda Gowda,BANGALORE NORTH,BJP,0,Graduate Professional,"Rs 20,93,84,539 ~ 20 Crore+","Rs 10,43,02,653 ~ 10 Crore+"
106,Dabhi Bharatsinhji Shankarji,PATAN,BJP,0,Graduate,"Rs 4,73,73,221 ~ 4 Crore+","Rs 56,13,860 ~ 56 Lacs+"
107,Danve Raosaheb Dadarao,JALNA,BJP,2,Graduate,"Rs 22,95,57,992 ~ 22 Crore+","Rs 24,00,000 ~ 24 Lacs+"
108,Dayakar Pasnori,WARANGAL,TRS,0,Graduate,"Rs 2,48,89,712 ~ 2 Crore+","Rs 14,28,227 ~ 14 Lacs+"
109,Dayanidhi Maran,CHENNAI CENTRAL,DMK,1,Graduate,"Rs 11,67,90,616 ~ 11 Crore+",Rs 0 ~
110,Dean Kuriakose,IDUKKI,INC,204,Post Graduate,"Rs 1,33,95,011 ~ 1 Crore+","Rs 1,00,00,000 ~ 1 Crore+"
111,Debasree Chaudhuri,RAIGANJ,BJP,2,Post Graduate,"Rs 61,39,123 ~ 61 Lacs+","Rs 8,23,416 ~ 8 Lacs+"
112,Deepak Adhikari,GHATAL,AITC,0,Others,"Rs 31,73,20,579 ~ 31 Crore+","Rs 78,79,681 ~ 78 Lacs+"
113,Deepak Kumar Baij,BASTAR,INC,1,Post Graduate,"Rs 77,21,293 ~ 77 Lacs+","Rs 18,01,236 ~ 18 Lacs+"
114,Delkar Mohanbhai Sanjibhai,DADRA AND NAGAR HAVELI,IND,0,Graduate,"Rs 70,88,85,980 ~ 70 Crore+","Rs 3,72,68,162 ~ 3 Crore+"
115,Devaji Patel,JALORE,BJP,0,10th Pass,"Rs 8,83,32,292 ~ 8 Crore+","Rs 6,09,36,530 ~ 6 Crore+"
116,Dhairyashil Sambhajirao Mane,HATKANANGLE,SHS,0,Graduate,"Rs 4,77,71,462 ~ 4 Crore+","Rs 4,15,99,959 ~ 4 Crore+"
117,Dhanorkar Suresh Narayan,CHANDRAPUR,INC,5,12th Pass,"Rs 13,74,55,342 ~ 13 Crore+","Rs 2,27,52,880 ~ 2 Crore+"
118,Dhanush M Kumar,TENKASI,DMK,1,Post Graduate,"Rs 5,13,60,700 ~ 5 Crore+","Rs 28,96,862 ~ 28 Lacs+"
119,Dharambir Singh,BHIWANI MAHENDRAGARH,BJP,0,Graduate,"Rs 6,06,42,205 ~ 6 Crore+","Rs 2,40,000 ~ 2 Lacs+"
120,Dharmapuri Arvind,NIZAMABAD,BJP,1,Post Graduate,"Rs 87,69,30,468 ~ 87 Crore+","Rs 33,75,80,746 ~ 33 Crore+"
121,Dharmendra Kumar,AONLA,BJP,0,10th Pass,"Rs 2,17,66,502 ~ 2 Crore+","Rs 33,24,300 ~ 33 Lacs+"
122,Dibyendu Adhikari,TAMLUK,AITC,1,Graduate,"Rs 3,76,87,867 ~ 3 Crore+","Rs 83,97,501 ~ 83 Lacs+"
123,Dileshwar Kamait,SUPAUL,JD(U),2,Graduate,"Rs 2,34,41,606 ~ 2 Crore+",Rs 0 ~
124,Dilip Kumar Ghosh,MEDINIPUR,BJP,14,10th Pass,"Rs 45,36,462 ~ 45 Lacs+",Rs 0 ~
125,Dimple Yadav,MAINPURI : BYE ELECTION ON 05-12-2022,SP,0,Graduate,"Rs 39,91,50,143 ~ 39 Crore+","Rs 31,53,000 ~ 31 Lacs+"
126,Dinesh Chandra Yadav,MADHEPURA,JD(U),1,Graduate Professional,"Rs 3,74,20,953 ~ 3 Crore+","Rs 7,00,000 ~ 7 Lacs+"
127,Diya Kumari,RAJSAMAND,BJP,0,Others,"Rs 16,59,84,623 ~ 16 Crore+",Rs 0 ~
128,Dnv Senthilkumar.S,DHARMAPURI,DMK,1,Post Graduate,"Rs 4,84,77,451 ~ 4 Crore+","Rs 60,53,502 ~ 60 Lacs+"
129,Dr Rajkumar Ranjan Singh,INNER MANIPUR,BJP,0,Doctorate,"Rs 1,96,16,174 ~ 1 Crore+",Rs 0 ~
130,Dr Ram Shankar Katheria,ETAWAH,BJP,12,Doctorate,"Rs 1,51,54,538 ~ 1 Crore+","Rs 73,04,616 ~ 73 Lacs+"
131,Dr Sanjeev Kumar,KURNOOL,YSRCP,0,Post Graduate,"Rs 32,59,14,387 ~ 32 Crore+","Rs 6,20,70,621 ~ 6 Crore+"
132,Dr. Alok Kumar Suman,GOPALGANJ,JD(U),0,Post Graduate,"Rs 3,27,39,903 ~ 3 Crore+","Rs 35,76,376 ~ 35 Lacs+"
133,Dr. Chandra Sen Jadon,FIROZABAD,BJP,0,Graduate Professional,"Rs 4,28,72,395 ~ 4 Crore+",Rs 0 ~
134,Dr. Dhal Singh Bisen,BALAGHAT,BJP,0,Others,"Rs 8,86,48,133 ~ 8 Crore+","Rs 15,30,693 ~ 15 Lacs+"
135,Dr. Jitendra Singh,UDHAMPUR,BJP,0,Post Graduate,"Rs 7,08,27,203 ~ 7 Crore+",Rs 0 ~
136,Dr. Kakoli Ghoshdastidar,BARASAT,AITC,2,Post Graduate,"Rs 4,05,31,018 ~ 4 Crore+","Rs 14,96,059 ~ 14 Lacs+"
137,Dr. Kalanidhi Veeraswamy,CHENNAI NORTH,DMK,0,Post Graduate,"Rs 40,52,94,714 ~ 40 Crore+","Rs 25,83,86,550 ~ 25 Crore+"
138,Dr. Mahendra Nath Pandey,CHANDAULI,BJP,0,Doctorate,"Rs 3,33,59,734 ~ 3 Crore+",Rs 0 ~
139,Dr. Mahesh Sharma,GAUTAM BUDDHA NAGAR,BJP,0,Graduate Professional,"Rs 47,87,59,568 ~ 47 Crore+","Rs 4,38,63,749 ~ 4 Crore+"
140,Dr. Mohammad Jawed,KISHANGANJ,INC,1,Graduate Professional,"Rs 9,09,73,803 ~ 9 Crore+","Rs 53,83,958 ~ 53 Lacs+"
141,Dr. S T Hasan,MORADABAD,SP,0,Post Graduate,"Rs 5,57,95,546 ~ 5 Crore+","Rs 5,00,000 ~ 5 Lacs+"
142,Dr. Sanjay Jaiswal,PASCHIM CHAMPARAN,BJP,5,Post Graduate,"Rs 19,94,04,885 ~ 19 Crore+","Rs 6,73,70,030 ~ 6 Crore+"
143,Dr. Satyapal Singh,BAGHPAT,BJP,1,Post Graduate,"Rs 7,81,95,793 ~ 7 Crore+",Rs 0 ~
144,Dr. Shafiqur Rehman Barq,SAMBHAL,SP,0,Graduate,"Rs 1,32,96,671 ~ 1 Crore+",Rs 0 ~
145,Dr. Shrikant Eknath Shinde,KALYAN,SHS,1,Post Graduate,"Rs 1,96,16,515 ~ 1 Crore+","Rs 12,41,233 ~ 12 Lacs+"
146,Dr. Solanki Kiritbhai,AHMEDABAD WEST,BJP,0,Post Graduate,"Rs 8,94,74,039 ~ 8 Crore+",Rs 0 ~
147,Dr. Umesh G Jadhav,GULBARGA,BJP,0,Post Graduate,"Rs 3,74,90,597 ~ 3 Crore+",Rs 0 ~
148,Dr.A.Chellakumar,KRISHNAGIRI,INC,5,Post Graduate,"Rs 12,10,87,979 ~ 12 Crore+","Rs 6,68,17,959 ~ 6 Crore+"
149,Dr.Beesetti Venkata Satyavathi,ANAKAPALLE,YSRCP,0,Graduate Professional,"Rs 9,15,26,244 ~ 9 Crore+","Rs 1,11,39,279 ~ 1 Crore+"
150,Dr.Bharatiben Dhirubhai Shiyal,BHAVNAGAR,BJP,0,Graduate Professional,"Rs 1,77,53,161 ~ 1 Crore+","Rs 36,89,036 ~ 36 Lacs+"
151,Dr.Gaddam Ranjith Reddy,CHEVELLA,TRS,0,Post Graduate,"Rs 1,63,46,95,131 ~ 163 Crore+","Rs 19,70,07,553 ~ 19 Crore+"
152,Dr.K.C.Patel,VALSAD,BJP,0,Graduate Professional,"Rs 6,82,39,480 ~ 6 Crore+",Rs 0 ~
153,Dr.K.Jayakumar,TIRUVALLUR,INC,0,Doctorate,"Rs 2,45,83,769 ~ 2 Crore+",Rs 0 ~
154,Dulal Chandra Goswami,KATIHAR,JD(U),1,Graduate,"Rs 1,33,02,734 ~ 1 Crore+","Rs 31,30,766 ~ 31 Lacs+"
155,Durga Das (D.D.) Uikey,BETUL,BJP,0,Post Graduate,"Rs 1,54,13,532 ~ 1 Crore+","Rs 8,75,803 ~ 8 Lacs+"
156,Dushyant,JHALAWAR BARAN,BJP,0,Post Graduate,"Rs 37,04,32,373 ~ 37 Crore+","Rs 8,58,24,156 ~ 8 Crore+"
157,E T Mohammed Basheer,PONNANI,IUML,0,10th Pass,"Rs 81,03,274 ~ 81 Lacs+",Rs 0 ~
158,Faggan Singh Kulaste,MANDLA,BJP,0,Post Graduate,"Rs 2,67,02,373 ~ 2 Crore+","Rs 10,00,075 ~ 10 Lacs+"
159,Farooq Abdullah,SRINAGAR,Jammu & Kashmir National Conference,1,Graduate Professional,"Rs 12,19,04,435 ~ 12 Crore+",Rs 0 ~
160,Feroze Varun Gandhi,PILIBHIT,BJP,0,Post Graduate,"Rs 60,32,00,539 ~ 60 Crore+","Rs 2,89,52,800 ~ 2 Crore+"
161,G M Siddeshwar,DAVANAGERE,BJP,0,10th Pass,"Rs 38,01,64,932 ~ 38 Crore+","Rs 1,46,70,809 ~ 1 Crore+"
162,G S Basavaraj,TUMKUR,BJP,0,Graduate Professional,"Rs 51,07,79,150 ~ 51 Crore+","Rs 11,38,44,867 ~ 11 Crore+"
163,Gaddigoudar Parvatagouda Chandanagouda,BAGALKOT,BJP,0,Graduate Professional,"Rs 4,39,80,663 ~ 4 Crore+","Rs 79,87,991 ~ 79 Lacs+"
164,Gajanan Chandrakant Kirtikar,MUMBAI NORTH WEST,SHS,0,Graduate,"Rs 10,53,92,000 ~ 10 Crore+","Rs 40,32,000 ~ 40 Lacs+"
165,Gajendra Singh Shekhawat,JODHPUR,BJP,1,Post Graduate,"Rs 13,80,29,511 ~ 13 Crore+","Rs 5,85,73,744 ~ 5 Crore+"
166,Gajendra Umrao Singh Patel,KHARGONE,BJP,0,Graduate Professional,"Rs 6,73,03,990 ~ 6 Crore+","Rs 18,85,020 ~ 18 Lacs+"
167,Ganesh Singh,SATNA,BJP,2,Post Graduate,"Rs 4,17,19,076 ~ 4 Crore+",Rs 0 ~
168,Ganeshamurthi A,ERODE,DMK,0,Graduate,"Rs 4,31,10,000 ~ 4 Crore+","Rs 20,60,000 ~ 20 Lacs+"
169,Gangapuram Kishan Reddy,SECUNDERABAD,BJP,0,Others,"Rs 8,14,30,778 ~ 8 Crore+","Rs 45,00,000 ~ 45 Lacs+"
170,Gaurav Gogoi,KALIABOR,INC,0,Post Graduate,"Rs 1,37,27,834 ~ 1 Crore+","Rs 12,50,000 ~ 12 Lacs+"
171,Gautam Gambhir,EAST DELHI,BJP,1,12th Pass,"Rs 1,47,15,87,789 ~ 147 Crore+","Rs 34,20,35,860 ~ 34 Crore+"
172,Gautham Sigamani Pon,KALLAKURICHI,DMK,1,Post Graduate,"Rs 47,11,86,830 ~ 47 Crore+","Rs 8,11,31,909 ~ 8 Crore+"
173,Gavit Rajendra Dhedya,PALGHAR,SHS,0,Graduate,"Rs 8,76,16,920 ~ 8 Crore+","Rs 3,02,23,375 ~ 3 Crore+"
174,Geeta Kora,SINGHBHUM,INC,1,Post Graduate,"Rs 2,52,49,018 ~ 2 Crore+","Rs 19,28,508 ~ 19 Lacs+"
175,Giridhari Yadav,BANKA,JD(U),1,Post Graduate,"Rs 1,98,16,050 ~ 1 Crore+","Rs 4,05,701 ~ 4 Lacs+"
176,Giriraj Singh,BEGUSARAI,BJP,6,Graduate,"Rs 8,30,24,577 ~ 8 Crore+","Rs 1,22,36,000 ~ 1 Crore+"
177,Girish Bhalchandra Bapat,PUNE,BJP,1,Graduate,"Rs 5,79,59,302 ~ 5 Crore+","Rs 17,93,891 ~ 17 Lacs+"
178,Girish Chandra,NAGINA,BSP,1,12th Pass,"Rs 2,86,59,644 ~ 2 Crore+","Rs 90,62,600 ~ 90 Lacs+"
179,Gnanathiraviam S,TIRUNELVELI,DMK,4,10th Pass,"Rs 23,27,59,237 ~ 23 Crore+","Rs 4,61,49,049 ~ 4 Crore+"
180,Goddeti Madhavi,ARAKU,YSRCP,0,Graduate Professional,"Rs 1,41,179 ~ 1 Lacs+",Rs 0 ~
181,Gomati,RAIGARH,BJP,0,12th Pass,"Rs 70,43,539 ~ 70 Lacs+",Rs 0 ~
182,Gopal Chinnaya Shetty,MUMBAI NORTH,BJP,9,5th Pass,"Rs 15,75,35,232 ~ 15 Crore+","Rs 2,11,36,135 ~ 2 Crore+"
183,Gopaljee Thakur,DARBHANGA,BJP,0,Post Graduate,"Rs 1,93,01,808 ~ 1 Crore+","Rs 10,39,660 ~ 10 Lacs+"
184,Guharam Ajgalle,JANJGIR CHAMPA,BJP,0,Graduate Professional,"Rs 1,84,00,837 ~ 1 Crore+",Rs 0 ~
185,Guman Singh Damor,RATLAM,BJP,0,Graduate Professional,"Rs 4,20,72,262 ~ 4 Crore+","Rs 48,90,940 ~ 48 Lacs+"
186,Gurjeet Singh Aujla,AMRITSAR,INC,0,12th Pass,"Rs 3,40,11,739 ~ 3 Crore+","Rs 90,31,565 ~ 90 Lacs+"
187,Haji Fazlur Rehman,SAHARANPUR,BSP,0,Graduate,"Rs 4,61,46,135 ~ 4 Crore+","Rs 60,000 ~ 60 Thou+"
188,Hans Raj Hans,NORTH WEST DELHI,BJP,0,10th Pass,"Rs 13,09,37,732 ~ 13 Crore+","Rs 4,78,97,494 ~ 4 Crore+"
189,Hanuman Beniwal,NAGAUR,Rashtriya Loktantrik Party,0,Graduate Professional,"Rs 42,18,568 ~ 42 Lacs+",Rs 0 ~
190,Harish Chandra Alias Harish Dwivedi,BASTI,BJP,5,Post Graduate,"Rs 86,62,344 ~ 86 Lacs+","Rs 3,22,490 ~ 3 Lacs+"
191,Harsh Vardhan,CHANDNI CHOWK,BJP,0,Post Graduate,"Rs 3,01,71,897 ~ 3 Crore+",Rs 0 ~
192,Harsimrat Kaur Badal,BATHINDA,SAD,0,10th Pass,"Rs 2,17,99,19,870 ~ 217 Crore+","Rs 95,48,52,600 ~ 95 Crore+"
193,Hasnain Masoodi,ANANTNAG,Jammu & Kashmir National Conference,0,Post Graduate,"Rs 8,76,20,672 ~ 8 Crore+",Rs 0 ~
194,Heena Vijaykumar Gavit,NANDURBAR,BJP,0,Post Graduate,"Rs 27,16,34,532 ~ 27 Crore+","Rs 1,52,91,251 ~ 1 Crore+"
195,Hema Malini Dharmendra Deol,MATHURA,BJP,0,Doctorate,"Rs 2,50,82,70,292 ~ 250 Crore+","Rs 13,12,88,062 ~ 13 Crore+"
196,Hemant Tukaram Godse,NASHIK,SHS,1,Others,"Rs 14,68,69,996 ~ 14 Crore+","Rs 4,10,83,126 ~ 4 Crore+"
197,Hibi Eden,ERNAKULAM,INC,7,Graduate,"Rs 79,08,467 ~ 79 Lacs+","Rs 2,00,000 ~ 2 Lacs+"
198,Himadri Singh,SHAHDOL,BJP,0,Graduate,"Rs 3,65,64,408 ~ 3 Crore+","Rs 17,36,289 ~ 17 Lacs+"
199,Horen Sing Bey,AUTONOMOUS DISTRICT,BJP,2,Graduate,"Rs 2,06,93,570 ~ 2 Crore+","Rs 59,56,209 ~ 59 Lacs+"
200,Imtiaz Jaleel Syed,AURANGABAD,AIMIM,4,Post Graduate,"Rs 2,95,62,768 ~ 2 Crore+","Rs 68,00,000 ~ 68 Lacs+"
201,Indra Hang Subba,SIKKIM,Sikkim Krantikari Morcha,0,Post Graduate,"Rs 4,78,817 ~ 4 Lacs+",Rs 0 ~
202,Jadhav Sanjay (Bandu) Haribhau,PARBHANI,SHS,6,10th Pass,"Rs 4,10,40,011 ~ 4 Crore+","Rs 45,19,583 ~ 45 Lacs+"
203,Jagannath Sarkar,RANAGHAT,BJP,1,Graduate Professional,"Rs 1,76,22,476 ~ 1 Crore+",Rs 0 ~
204,Jagdambika Pal,DOMARIYAGANJ,BJP,3,Post Graduate,"Rs 10,33,66,710 ~ 10 Crore+","Rs 28,38,478 ~ 28 Lacs+"
205,Jai Prakash,HARDOI,BJP,0,Graduate,"Rs 23,40,32,624 ~ 23 Crore+","Rs 26,15,368 ~ 26 Lacs+"
206,Janardan Prasad Mishra,REWA,BJP,0,Graduate Professional,"Rs 2,03,59,750 ~ 2 Crore+","Rs 5,80,627 ~ 5 Lacs+"
207,Janardan Singh Sigriwal,MAHARAJGANJ,BJP,5,Graduate,"Rs 1,04,51,986 ~ 1 Crore+","Rs 3,76,000 ~ 3 Lacs+"
208,Jardosh Darshnaben Vikrambhai,SURAT,BJP,0,Graduate,"Rs 2,38,72,876 ~ 2 Crore+",Rs 0 ~
209,Jasbir Singh Gill,KHADOOR SAHIB,INC,0,Others,"Rs 8,13,93,500 ~ 8 Crore+","Rs 46,55,000 ~ 46 Lacs+"
210,Jaskaur Meena,DAUSA,BJP,0,Post Graduate,"Rs 14,37,42,564 ~ 14 Crore+","Rs 58,25,431 ~ 58 Lacs+"
211,Jasvantsinh Sumanbhai Bhabhor,DAHOD,BJP,0,Graduate Professional,"Rs 2,70,70,480 ~ 2 Crore+",Rs 0 ~
212,Jayadev Galla,GUNTUR,TDP,0,Graduate,"Rs 3,05,14,85,242 ~ 305 Crore+","Rs 20,34,52,417 ~ 20 Crore+"
213,Jayant Sinha,HAZARIBAGH,BJP,0,Post Graduate,"Rs 77,07,49,002 ~ 77 Crore+","Rs 19,32,71,437 ~ 19 Crore+"
214,Jayanta Kumar Roy,JALPAIGURI,BJP,0,Graduate Professional,"Rs 1,16,25,047 ~ 1 Crore+","Rs 13,52,581 ~ 13 Lacs+"
215,Jigajinagi Ramesh Chandappa,BIJAPUR,BJP,0,Graduate,"Rs 50,41,22,985 ~ 50 Crore+","Rs 16,00,000 ~ 16 Lacs+"
216,John Barla,ALIPURDUARS,BJP,9,8th Pass,"Rs 14,18,730 ~ 14 Lacs+",Rs 0 ~
217,Jothimani S,KARUR,INC,0,Post Graduate,"Rs 60,46,055 ~ 60 Lacs+","Rs 3,79,000 ~ 3 Lacs+"
218,Jual Oram,SUNDARGARH,BJP,2,Others,"Rs 7,41,85,014 ~ 7 Crore+","Rs 1,27,43,330 ~ 1 Crore+"
219,Jugal Kishore,JAMMU,BJP,0,10th Pass,"Rs 5,64,81,801 ~ 5 Crore+","Rs 35,00,40,219 ~ 35 Crore+"
220,Jyotirmay Singh Mahato,PURULIA,BJP,2,Graduate Professional,"Rs 22,50,540 ~ 22 Lacs+","Rs 4,56,100 ~ 4 Lacs+"
221,Jyotsna Mahant,KORBA,INC,0,Post Graduate,"Rs 15,06,39,697 ~ 15 Crore+",Rs 0 ~
222,K Shanmugasundaram,POLLACHI,DMK,0,Graduate Professional,"Rs 13,31,09,284 ~ 13 Crore+","Rs 1,33,60,639 ~ 1 Crore+"
223,K Sudhakaran,KANNUR,INC,3,Post Graduate,"Rs 2,96,99,206 ~ 2 Crore+","Rs 74,68,633 ~ 74 Lacs+"
224,K. Muraleedharan,VADAKARA,INC,3,Graduate,"Rs 11,43,79,340 ~ 11 Crore+",Rs 0 ~
225,K. Navaskani,RAMANATHAPURAM,IUML,1,12th Pass,"Rs 36,47,38,171 ~ 36 Crore+","Rs 4,70,08,615 ~ 4 Crore+"
226,Kachhadiya Naranbhai Bhikhabhai,AMRELI,BJP,0,12th Pass,"Rs 3,59,00,763 ~ 3 Crore+","Rs 8,28,961 ~ 8 Lacs+"
227,Kailash Choudhary,BARMER,BJP,2,Graduate,"Rs 24,02,250 ~ 24 Lacs+",Rs 0 ~
228,Kalyan Banerjee,SREERAMPUR,AITC,0,Graduate Professional,"Rs 17,59,68,902 ~ 17 Crore+","Rs 55,22,403 ~ 55 Lacs+"
229,Kamlesh Paswan,BANSGAON,BJP,5,Graduate,"Rs 17,17,06,883 ~ 17 Crore+","Rs 60,49,264 ~ 60 Lacs+"
230,Kanakmal Katara,BANSWARA,BJP,0,Graduate Professional,"Rs 5,87,11,904 ~ 5 Crore+","Rs 17,46,729 ~ 17 Lacs+"
231,Kanimozhi Karunanidhi,THOOTHUKKUDI,DMK,6,Graduate Professional,"Rs 30,33,73,130 ~ 30 Crore+","Rs 1,92,90,928 ~ 1 Crore+"
232,Kanumuru Raghu Rama Krishna Raju,NARSAPURAM,YSRCP,3,Post Graduate,"Rs 3,25,94,05,378 ~ 325 Crore+","Rs 1,01,44,67,354 ~ 101 Crore+"
233,Kapil Moreshwar Patil,BHIWANDI,BJP,0,Graduate,"Rs 41,88,50,781 ~ 41 Crore+","Rs 56,45,459 ~ 56 Lacs+"
234,Karadi Sanganna Amarappa,KOPPAL,BJP,1,10th Pass,"Rs 2,87,25,791 ~ 2 Crore+","Rs 2,24,75,333 ~ 2 Crore+"
235,Karti P Chidambaram,SIVAGANGA,INC,8,Graduate Professional,"Rs 79,37,29,024 ~ 79 Crore+","Rs 17,40,81,116 ~ 17 Crore+"
236,Kaushal Kishore,MOHANLALGANJ,BJP,1,Graduate,"Rs 5,55,30,561 ~ 5 Crore+",Rs 0 ~
237,Kaushlendra Kumar,NALANDA,JD(U),0,12th Pass,"Rs 2,92,51,651 ~ 2 Crore+","Rs 27,12,389 ~ 27 Lacs+"
238,Kavita Singh,SIWAN,JD(U),4,Post Graduate,"Rs 1,93,25,264 ~ 1 Crore+","Rs 4,12,511 ~ 4 Lacs+"
239,Kavitha Malothu,MAHABUBABAD,TRS,1,Graduate,"Rs 1,97,31,269 ~ 1 Crore+","Rs 12,52,068 ~ 12 Lacs+"
240,Keshari Devi Patel,PHULPUR,BJP,2,Post Graduate,"Rs 17,27,07,104 ~ 17 Crore+","Rs 65,05,194 ~ 65 Lacs+"
241,Khadse Raksha Nikhil,RAVER,BJP,0,Graduate,"Rs 17,27,13,734 ~ 17 Crore+",Rs 0 ~
242,Khagen Murmu,MALDAHA UTTAR,BJP,4,Graduate,"Rs 1,02,32,439 ~ 1 Crore+","Rs 10,70,914 ~ 10 Lacs+"
243,Khalilur Rahaman,JANGIPUR,AITC,0,Graduate,"Rs 36,83,06,705 ~ 36 Crore+","Rs 22,48,968 ~ 22 Lacs+"
244,Kiren Rijiju,ARUNACHAL WEST,BJP,0,Graduate Professional,"Rs 1,52,79,000 ~ 1 Crore+",Rs 0 ~
245,Kirron Kher,CHANDIGARH,BJP,0,Post Graduate,"Rs 47,49,83,574 ~ 47 Crore+","Rs 62,79,188 ~ 62 Lacs+"
246,Kirti Vardhan Singh Alias Raja Bhaiya,GONDA,BJP,0,Post Graduate,"Rs 23,27,35,285 ~ 23 Crore+","Rs 2,32,01,603 ~ 2 Crore+"
247,Kishan Kapoor,KANGRA,BJP,2,12th Pass,"Rs 8,58,41,247 ~ 8 Crore+","Rs 36,05,161 ~ 36 Lacs+"
248,Kodikunnil Suresh,MAVELIKKARA,INC,1,Graduate Professional,"Rs 1,29,65,129 ~ 1 Crore+","Rs 9,82,819 ~ 9 Lacs+"
249,Komatireddy Venakat Reddy,BHONGIR,INC,14,12th Pass,"Rs 16,25,43,845 ~ 16 Crore+","Rs 2,40,69,129 ~ 2 Crore+"
250,Kotha Prabhakar Reddy,MEDAK,TRS,0,Graduate,"Rs 1,26,65,81,773 ~ 126 Crore+","Rs 26,82,66,203 ~ 26 Crore+"
251,Kripanath Mallah,KARIMGANJ,BJP,0,Graduate,"Rs 18,71,040 ~ 18 Lacs+",Rs 0 ~
252,Krishan Pal,FARIDABAD,BJP,0,Graduate Professional,"Rs 36,96,52,786 ~ 36 Crore+","Rs 10,55,93,242 ~ 10 Crore+"
253,Krishna Pal Singh,GUNA,BJP,0,Graduate Professional,"Rs 1,62,66,408 ~ 1 Crore+","Rs 4,94,053 ~ 4 Lacs+"
254,Krupal Balaji Tumane,RAMTEK,SHS,0,Graduate,"Rs 9,56,03,165 ~ 9 Crore+","Rs 42,28,793 ~ 42 Lacs+"
255,Kuldeep Rai Sharma,ANDAMAN AND NICOBAR ISLANDS,INC,0,Graduate Professional,"Rs 13,22,33,012 ~ 13 Crore+","Rs 8,04,50,870 ~ 8 Crore+"
256,Kunar Hembram,JHARGRAM,BJP,0,Graduate Professional,"Rs 1,03,87,498 ~ 1 Crore+","Rs 5,65,000 ~ 5 Lacs+"
257,Kundaria Mohanbhai,RAJKOT,BJP,0,8th Pass,"Rs 6,88,18,120 ~ 6 Crore+","Rs 1,65,66,856 ~ 1 Crore+"
258,Kunhalikutty,MALAPPURAM,IUML,2,Graduate,"Rs 5,29,32,535 ~ 5 Crore+",Rs 0 ~
259,Kunwar Danish Ali,AMROHA,BSP,0,Graduate,"Rs 7,49,20,879 ~ 7 Crore+","Rs 1,95,79,691 ~ 1 Crore+"
260,Kunwar Pushpendra Singh,HAMIRPUR,BJP,4,Post Graduate,"Rs 16,71,59,924 ~ 16 Crore+","Rs 3,55,02,582 ~ 3 Crore+"
261,Kuruva Gorantla Madhav,HINDUPUR,YSRCP,2,Graduate,"Rs 17,87,356 ~ 17 Lacs+","Rs 7,30,332 ~ 7 Lacs+"
262,Lallu Singh,FAIZABAD,BJP,1,Post Graduate,"Rs 3,18,84,642 ~ 3 Crore+","Rs 1,12,76,478 ~ 1 Crore+"
263,Lavu Sri Krishna Devarayalu,NARASARAOPET,YSRCP,0,Graduate Professional,"Rs 17,77,10,073 ~ 17 Crore+","Rs 1,01,42,413 ~ 1 Crore+"
264,Locket Chatterjee,HOOGHLY,BJP,14,Graduate,"Rs 3,56,55,698 ~ 3 Crore+",Rs 0 ~
265,Lorho S. Pfoze,OUTER MANIPUR,NPF,0,Graduate Professional,"Rs 1,37,09,352 ~ 1 Crore+",Rs 0 ~
266,M V V Satyanarayana,VISAKHAPATNAM,YSRCP,1,10th Pass,"Rs 2,02,39,05,124 ~ 202 Crore+","Rs 16,00,30,959 ~ 16 Crore+"
267,M.K.Raghavan,KOZHIKODE,INC,1,Graduate,"Rs 1,25,02,009 ~ 1 Crore+","Rs 31,74,805 ~ 31 Lacs+"
268,Magunta Sreenivasulu Reddy,ONGOLE,YSRCP,0,Graduate,"Rs 26,65,83,686 ~ 26 Crore+","Rs 9,13,02,133 ~ 9 Crore+"
269,Mahabali Singh,KARAKAT,JD(U),3,8th Pass,"Rs 4,34,42,051 ~ 4 Crore+","Rs 30,00,000 ~ 30 Lacs+"
270,Mahant Balak Nath,ALWAR,BJP,0,10th Pass,"Rs 3,52,929 ~ 3 Lacs+",Rs 0 ~
271,Mahendra Singh Solanky,DEWAS,BJP,0,Graduate Professional,"Rs 38,12,464 ~ 38 Lacs+","Rs 18,32,631 ~ 18 Lacs+"
272,Mahendrabhai Munjpara,SURENDRANAGAR,BJP,0,Post Graduate,"Rs 7,90,84,513 ~ 7 Crore+","Rs 1,48,22,528 ~ 1 Crore+"
273,Mahesh Sahoo,DHENKANAL,BJD,1,12th Pass,"Rs 1,45,29,286 ~ 1 Crore+",Rs 0 ~
274,Mahua Moitra,KRISHNANAGAR,AITC,0,Graduate,"Rs 2,64,95,250 ~ 2 Crore+","Rs 6,71,138 ~ 6 Lacs+"
275,Mala Rajya Laxmi Shah,TEHRI GARHWAL,BJP,0,12th Pass,"Rs 1,84,66,40,100 ~ 184 Crore+","Rs 1,35,00,00,000 ~ 135 Crore+"
276,Mala Roy,KOLKATA DAKSHIN,AITC,3,Graduate,"Rs 1,03,08,401 ~ 1 Crore+",Rs 0 ~
277,Malook Nagar,BIJNOR,BSP,7,Graduate,"Rs 2,49,96,28,021 ~ 249 Crore+","Rs 1,01,61,48,176 ~ 101 Crore+"
278,Maneka Sanjay Gandhi,SULTANPUR,BJP,0,12th Pass,"Rs 55,69,26,451 ~ 55 Crore+","Rs 1,19,35,800 ~ 1 Crore+"
279,"Manickam Tagore, B.",VIRUDHUNAGAR,INC,1,Graduate Professional,"Rs 4,97,05,799 ~ 4 Crore+","Rs 36,00,203 ~ 36 Lacs+"
280,Manish Tewari,ANANDPUR SAHIB,INC,0,Graduate Professional,"Rs 15,46,37,860 ~ 15 Crore+",Rs 0 ~
281,Manjulata Mandal,BHADRAK,BJD,0,Graduate,"Rs 3,94,17,891 ~ 3 Crore+","Rs 89,58,149 ~ 89 Lacs+"
282,Manne Srinivas Reddy,MAHBUBNAGAR,TRS,0,12th Pass,"Rs 6,33,53,123 ~ 6 Crore+","Rs 45,69,251 ~ 45 Lacs+"
283,Manoj Kishorbhai Kotak,MUMBAI NORTH EAST,BJP,2,10th Pass,"Rs 5,46,61,944 ~ 5 Crore+","Rs 20,48,000 ~ 20 Lacs+"
284,Manoj Rajoria,KARAULI DHOLPUR,BJP,0,Post Graduate,"Rs 6,48,67,148 ~ 6 Crore+","Rs 2,21,21,569 ~ 2 Crore+"
285,Manoj Tiwari,NORTH EAST DELHI,BJP,3,Post Graduate,"Rs 24,28,17,031 ~ 24 Crore+","Rs 1,36,18,755 ~ 1 Crore+"
286,Mansukhbhai Vasava,BHARUCH,BJP,0,Post Graduate,"Rs 68,35,957 ~ 68 Lacs+",Rs 0 ~
287,Margani Bharat Ram,RAJAHMUNDRY,YSRCP,2,Graduate,"Rs 45,82,05,360 ~ 45 Crore+","Rs 1,78,14,757 ~ 1 Crore+"
288,Meenakashi Lekhi,NEW DELHI,BJP,0,Graduate Professional,"Rs 36,14,41,689 ~ 36 Crore+","Rs 79,38,378 ~ 79 Lacs+"
289,Mimi Chakraborty,JADAVPUR,AITC,0,Graduate,"Rs 2,43,98,786 ~ 2 Crore+","Rs 19,00,788 ~ 19 Lacs+"
290,Miteshbhai Patel,ANAND,BJP,2,Others,"Rs 7,70,43,053 ~ 7 Crore+","Rs 78,10,840 ~ 78 Lacs+"
291,Mohammad Akbar Lone,BARAMULLA,Jammu & Kashmir National Conference,0,Graduate Professional,"Rs 59,74,34,000 ~ 59 Crore+","Rs 1,04,935 ~ 1 Lacs+"
292,Mohammad Azam Khan,RAMPUR,SP,10,Graduate Professional,"Rs 4,61,24,814 ~ 4 Crore+",Rs 0 ~
293,Mohammad Sadique,FARIDKOT,INC,0,5th Pass,"Rs 1,97,93,884 ~ 1 Crore+","Rs 3,11,043 ~ 3 Lacs+"
294,Mohammed Faizal Pp,LAKSHADWEEP,NCP,2,Post Graduate,"Rs 9,38,641 ~ 9 Lacs+",Rs 0 ~
295,Mohan Mandavi,KANKER,BJP,0,Post Graduate,"Rs 2,86,75,553 ~ 2 Crore+","Rs 6,79,000 ~ 6 Lacs+"
296,Mukesh Rajput,FARRUKHABAD,BJP,0,Graduate,"Rs 7,49,64,501 ~ 7 Crore+","Rs 3,88,246 ~ 3 Lacs+"
297,Mulayam Singh Yadav,MAINPURI,SP,1,Post Graduate,"Rs 20,56,04,593 ~ 20 Crore+","Rs 2,20,55,657 ~ 2 Crore+"
298,N. Reddeppa,CHITTOOR,YSRCP,0,Post Graduate,"Rs 1,73,55,862 ~ 1 Crore+","Rs 13,41,542 ~ 13 Lacs+"
299,Naba Kumar Sarania,KOKRAJHAR,IND,5,12th Pass,"Rs 1,30,13,994 ~ 1 Crore+","Rs 1,75,069 ~ 1 Lacs+"
300,Nakul Nath,CHHINDWARA,INC,0,Graduate,"Rs 6,60,19,46,757 ~ 660 Crore+","Rs 87,91,712 ~ 87 Lacs+"
301,Nalamada Uttam Kumar Reddy,NALGONDA,INC,4,Graduate,"Rs 3,15,01,349 ~ 3 Crore+","Rs 12,00,000 ~ 12 Lacs+"
302,Nalin Kumar Kateel,DAKSHINA KANNADA,BJP,4,10th Pass,"Rs 1,46,78,300 ~ 1 Crore+","Rs 44,50,945 ~ 44 Lacs+"
303,Nama Nageswr Rao,KHAMMAM,TRS,5,12th Pass,"Rs 1,07,46,71,341 ~ 107 Crore+","Rs 8,07,21,594 ~ 8 Crore+"
304,Nandkumar Singh Chouhan (Nandu Bhaiya),KHANDWA,BJP,0,Post Graduate,"Rs 1,90,76,515 ~ 1 Crore+","Rs 48,19,099 ~ 48 Lacs+"
305,Narendra Kumar,JHUNJHUNU,BJP,1,Graduate,"Rs 4,74,74,109 ~ 4 Crore+","Rs 32,78,401 ~ 32 Lacs+"
306,Narendra Modi,VARANASI,BJP,0,Post Graduate,"Rs 2,51,36,119 ~ 2 Crore+",Rs 0 ~
307,Narendra Singh Tomar,MORENA,BJP,1,Graduate,"Rs 2,30,62,224 ~ 2 Crore+","Rs 66,89,767 ~ 66 Lacs+"
308,Navneet Ravi Rana,AMRAVATI,IND,1,10th Pass,"Rs 12,45,54,656 ~ 12 Crore+","Rs 7,05,76,979 ~ 7 Crore+"
309,Nayab Singh,KURUKSHETRA,BJP,0,Graduate Professional,"Rs 3,57,85,621 ~ 3 Crore+","Rs 57,20,000 ~ 57 Lacs+"
310,Nihal Chand,GANGANAGAR,BJP,0,Graduate,"Rs 2,10,14,362 ~ 2 Crore+","Rs 36,31,287 ~ 36 Lacs+"
311,Nishikant Dubey,GODDA,BJP,4,Doctorate,"Rs 46,27,57,500 ~ 46 Crore+",Rs 0 ~
312,Nitesh Ganga Deb,SAMBALPUR,BJP,1,12th Pass,"Rs 26,95,43,587 ~ 26 Crore+","Rs 1,03,37,195 ~ 1 Crore+"
313,Nitin Jairam Gadkari,NAGPUR,BJP,4,Graduate Professional,"Rs 18,79,16,075 ~ 18 Crore+","Rs 4,07,29,055 ~ 4 Crore+"
314,Nityanand Rai,UJIARPUR,BJP,3,Graduate,"Rs 18,70,07,570 ~ 18 Crore+","Rs 3,57,561 ~ 3 Lacs+"
315,Nusrat Jahan Ruhi,BASIRHAT,AITC,0,12th Pass,"Rs 2,90,88,391 ~ 2 Crore+","Rs 1,68,81,608 ~ 1 Crore+"
316,Om Birla,KOTA,BJP,1,Post Graduate,"Rs 4,83,47,737 ~ 4 Crore+",Rs 0 ~
317,Omprakash Bhupalsinh Alias Pavan Rajenimbalkar,OSMANABAD,SHS,4,12th Pass,"Rs 5,02,99,295 ~ 5 Crore+","Rs 1,00,45,858 ~ 1 Crore+"
318,P R Natarajan,COIMBATORE,CPI(M),1,12th Pass,"Rs 2,02,84,430 ~ 2 Crore+","Rs 32,34,168 ~ 32 Lacs+"
319,P. C. Mohan,BANGALORE CENTRAL,BJP,0,12th Pass,"Rs 75,55,29,306 ~ 75 Crore+","Rs 31,25,21,957 ~ 31 Crore+"
320,P. P. Chaudhary,PALI,BJP,0,Graduate Professional,"Rs 38,51,11,923 ~ 38 Crore+","Rs 72,78,041 ~ 72 Lacs+"
321,P. Raveendranath Kumar,THENI,AIADMK,0,Post Graduate,"Rs 6,58,03,231 ~ 6 Crore+","Rs 3,27,34,079 ~ 3 Crore+"
322,P.V.Midhun Reddy,RAJAMPET,YSRCP,3,Post Graduate,"Rs 66,50,85,701 ~ 66 Crore+","Rs 20,54,73,477 ~ 20 Crore+"
323,Paarivendhar T R,PERAMBALUR,DMK,2,Post Graduate,"Rs 97,27,30,368 ~ 97 Crore+","Rs 6,59,35,070 ~ 6 Crore+"
324,Pakauri Lal,ROBERTSGANJ,Apna Dal (Soneylal),0,Literate,"Rs 2,30,48,078 ~ 2 Crore+","Rs 6,84,133 ~ 6 Lacs+"
325,Palanimanickam.S.S,THANJAVUR,DMK,0,Graduate Professional,"Rs 4,24,52,076 ~ 4 Crore+","Rs 23,68,600 ~ 23 Lacs+"
326,Pallab Lochan Das,TEZPUR,BJP,0,Graduate,"Rs 1,44,45,139 ~ 1 Crore+",Rs 0 ~
327,Pankaj Choudhary,MAHARAJGANJ,BJP,5,12th Pass,"Rs 37,18,27,109 ~ 37 Crore+","Rs 44,83,048 ~ 44 Lacs+"
328,Parbatbhai Patel,BANASKANTHA,BJP,0,Graduate Professional,"Rs 4,18,19,177 ~ 4 Crore+","Rs 45,00,000 ~ 45 Lacs+"
329,Parbhubhai Nagarbhai Vasava,BARDOLI,BJP,0,Others,"Rs 2,83,50,217 ~ 2 Crore+","Rs 36,76,869 ~ 36 Lacs+"
330,Parthiban.S.R,SALEM,DMK,4,Graduate Professional,"Rs 6,00,45,532 ~ 6 Crore+","Rs 40,39,841 ~ 40 Lacs+"
331,Parvesh Sahib Singh,WEST DELHI,BJP,0,Post Graduate,"Rs 15,51,95,014 ~ 15 Crore+","Rs 4,00,97,329 ~ 4 Crore+"
332,Pashupati Kumar Paras,HAJIPUR,LJP,1,Graduate Professional,"Rs 6,28,34,200 ~ 6 Crore+","Rs 67,44,375 ~ 67 Lacs+"
333,Pashupati Nath Singh,DHANBAD,BJP,0,Graduate,"Rs 2,72,86,918 ~ 2 Crore+",Rs 0 ~
334,Patel Hasmukhbhai Somabhai,AHMEDABAD EAST,BJP,0,Others,"Rs 7,46,99,690 ~ 7 Crore+","Rs 62,52,577 ~ 62 Lacs+"
335,Patel Lalubhai Babubhai,DAMAN AND DIU,BJP,0,8th Pass,"Rs 21,39,93,750 ~ 21 Crore+","Rs 99,69,514 ~ 99 Lacs+"
336,Patil Chandrakant,NAVSARI,BJP,1,10th Pass,"Rs 44,60,44,269 ~ 44 Crore+","Rs 5,68,46,658 ~ 5 Crore+"
337,Patil Hemant Shriram,HINGOLI,SHS,0,Graduate,"Rs 1,85,94,458 ~ 1 Crore+","Rs 12,99,983 ~ 12 Lacs+"
338,Pinaki Misra,PURI,BJD,0,Graduate Professional,"Rs 1,17,47,01,344 ~ 117 Crore+","Rs 2,19,32,742 ~ 2 Crore+"
339,Pocha Brahmananda Reddy,NANDYAL,YSRCP,1,Post Graduate,"Rs 58,59,32,911 ~ 58 Crore+","Rs 17,70,35,582 ~ 17 Crore+"
340,Poonam Vajendla Rao,MUMBAI NORTH CENTRAL,BJP,2,Others,"Rs 2,22,42,513 ~ 2 Crore+",Rs 0 ~
341,Poonamben Hematbhai Maadam,JAMNAGAR,BJP,0,Graduate,"Rs 42,73,31,034 ~ 42 Crore+","Rs 9,86,32,194 ~ 9 Crore+"
342,Pothuganti Ramulu,NAGARKURNOOL,TRS,0,Graduate,"Rs 1,07,78,684 ~ 1 Crore+",Rs 0 ~
343,Pradan Baruah,LAKHIMPUR,BJP,0,12th Pass,"Rs 1,43,07,978 ~ 1 Crore+","Rs 58,39,285 ~ 58 Lacs+"
344,Pradeep Kumar,KAIRANA,BJP,5,Post Graduate,"Rs 1,72,92,937 ~ 1 Crore+","Rs 13,00,000 ~ 13 Lacs+"
345,Pradeep Kumar Singh,ARARIA,BJP,3,10th Pass,"Rs 50,10,577 ~ 50 Lacs+","Rs 11,59,200 ~ 11 Lacs+"
346,Pradyut Bordoloi,NAWGONG,INC,0,Post Graduate,"Rs 7,41,43,272 ~ 7 Crore+","Rs 40,11,152 ~ 40 Lacs+"
347,Prahalad Singh Patel,DAMOH,BJP,0,Graduate Professional,"Rs 4,32,92,483 ~ 4 Crore+","Rs 42,30,614 ~ 42 Lacs+"
348,Prajwal R,HASSAN,JD(S),0,Graduate Professional,"Rs 9,78,48,632 ~ 9 Crore+","Rs 3,72,53,210 ~ 3 Crore+"
349,Pralhad Joshi,DHARWAD,BJP,1,Graduate,"Rs 11,13,84,447 ~ 11 Crore+","Rs 5,17,36,254 ~ 5 Crore+"
350,Pramila Bisoyi,ASKA,BJD,0,5th Pass,"Rs 7,32,470 ~ 7 Lacs+",Rs 0 ~
351,Prasun Banerjee,HOWRAH,AITC,1,Graduate,"Rs 1,32,16,066 ~ 1 Crore+",Rs 0 ~
352,Pratap Chandra Sarangi,BALASORE,BJP,7,Graduate,"Rs 13,46,236 ~ 13 Lacs+",Rs 160 ~ 1 Hund+
353,Prataprao Ganpatrao Jadhav,BULDHANA,SHS,3,12th Pass,"Rs 11,62,72,966 ~ 11 Crore+","Rs 7,35,482 ~ 7 Lacs+"
354,Prathap Simha,MYSORE,BJP,3,Post Graduate,"Rs 1,87,23,762 ~ 1 Crore+","Rs 65,86,698 ~ 65 Lacs+"
355,Pratima Bhoumik,TRIPURA WEST,BJP,0,Graduate,"Rs 6,42,398 ~ 6 Lacs+",Rs 0 ~
356,Pratima Mondal,JAYNAGAR,AITC,0,Post Graduate,"Rs 2,74,71,675 ~ 2 Crore+",Rs 0 ~
357,Praveen Kumar Nishad,SANT KABIR NAGAR,BJP,0,Graduate Professional,"Rs 43,00,614 ~ 43 Lacs+","Rs 23,26,248 ~ 23 Lacs+"
358,Premachandran N K,KOLLAM,Revolutionary Socialist Party,5,Graduate Professional,"Rs 1,75,00,650 ~ 1 Crore+","Rs 32,70,587 ~ 32 Lacs+"
359,Preneet Kaur,PATIALA,INC,0,Graduate,"Rs 63,59,73,757 ~ 63 Crore+","Rs 4,24,53,369 ~ 4 Crore+"
360,Pritam Gopinathrao Munde,BEED,BJP,1,Post Graduate,"Rs 16,74,77,926 ~ 16 Crore+","Rs 9,88,33,794 ~ 9 Crore+"
361,Queen Oja,GAUHATI,BJP,0,Graduate,"Rs 63,02,19,570 ~ 63 Crore+","Rs 3,40,34,178 ~ 3 Crore+"
362,R. K. Singh,ARRAH,BJP,1,Graduate Professional,"Rs 7,99,71,720 ~ 7 Crore+",Rs 0 ~
363,R.K. Singh Patel,BANDA,BJP,2,Graduate,"Rs 5,57,94,086 ~ 5 Crore+",Rs 0 ~
364,Radha Mohan Singh,PURVI CHAMPARAN,BJP,1,Graduate,"Rs 3,37,91,375 ~ 3 Crore+","Rs 11,46,627 ~ 11 Lacs+"
365,Rahul Gandhi,WAYANAD,INC,5,Post Graduate,"Rs 15,88,77,063 ~ 15 Crore+","Rs 72,01,904 ~ 72 Lacs+"
366,Rahul Kaswan,CHURU,BJP,0,Graduate,"Rs 3,67,23,865 ~ 3 Crore+","Rs 1,51,63,379 ~ 1 Crore+"
367,Rahul Ramesh Shewale,MUMBAI SOUTH CENTRAL,SHS,0,Others,"Rs 1,88,81,363 ~ 1 Crore+","Rs 77,78,954 ~ 77 Lacs+"
368,Raja Amareshwara Naik,RAICHUR,BJP,0,Graduate Professional,"Rs 3,06,38,375 ~ 3 Crore+","Rs 6,78,532 ~ 6 Lacs+"
369,Rajan Baburao Vichare,THANE,SHS,9,12th Pass,"Rs 18,14,41,465 ~ 18 Crore+","Rs 5,40,80,733 ~ 5 Crore+"
370,Rajashree Mallick,JAGATSINGHPUR,BJD,0,Graduate Professional,"Rs 4,00,23,972 ~ 4 Crore+","Rs 14,33,305 ~ 14 Lacs+"
371,Rajbahadur Singh,SAGAR,BJP,1,Post Graduate,"Rs 1,64,16,828 ~ 1 Crore+","Rs 5,47,428 ~ 5 Lacs+"
372,Rajdeep Roy,SILCHAR,BJP,0,Post Graduate,"Rs 2,99,01,767 ~ 2 Crore+","Rs 69,76,701 ~ 69 Lacs+"
373,Rajendra Agarwal,MEERUT,BJP,3,Post Graduate,"Rs 1,34,89,377 ~ 1 Crore+","Rs 19,90,094 ~ 19 Lacs+"
374,Rajesh Verma,SITAPUR,BJP,1,Post Graduate,"Rs 7,31,29,716 ~ 7 Crore+","Rs 1,08,148 ~ 1 Lacs+"
375,Rajiv Pratap Rudy,SARAN,BJP,0,Post Graduate,"Rs 8,07,40,349 ~ 8 Crore+",Rs 0 ~
376,Rajiv Ranjan Singh,MUNGER,JD(U),1,Graduate,"Rs 8,83,24,866 ~ 8 Crore+","Rs 75,34,918 ~ 75 Lacs+"
377,Rajkumar Chahar,FATEHPUR SIKRI,BJP,3,Graduate,"Rs 1,48,54,247 ~ 1 Crore+","Rs 3,56,404 ~ 3 Lacs+"
378,Rajmohan Unnithan,KASARAGOD,INC,1,Graduate,"Rs 2,15,70,257 ~ 2 Crore+","Rs 8,62,257 ~ 8 Lacs+"
379,Rajnath Singh,LUCKNOW,BJP,0,Post Graduate,"Rs 5,14,92,709 ~ 5 Crore+",Rs 0 ~
380,Raju Bista,DARJEELING,BJP,0,Graduate,"Rs 15,11,06,062 ~ 15 Crore+","Rs 2,74,28,941 ~ 2 Crore+"
381,Rajveer Singh,ETAH,BJP,0,Graduate Professional,"Rs 38,36,29,735 ~ 38 Crore+","Rs 10,02,20,000 ~ 10 Crore+"
382,Rajvir Diler,HATHRAS,BJP,0,12th Pass,"Rs 1,49,30,000 ~ 1 Crore+",Rs 0 ~
383,Rakesh Singh,JABALPUR,BJP,1,Graduate,"Rs 4,31,34,351 ~ 4 Crore+","Rs 13,87,000 ~ 13 Lacs+"
384,Ram Charan Bohra,JAIPUR,BJP,0,12th Pass,"Rs 16,53,22,707 ~ 16 Crore+","Rs 2,20,00,000 ~ 2 Crore+"
385,Ram Kripal Yadav,PATALIPUTRA,BJP,0,Graduate,"Rs 2,92,13,467 ~ 2 Crore+","Rs 17,17,310 ~ 17 Lacs+"
386,Ram Shiromani,SHRAWASTI,BSP,0,Graduate Professional,"Rs 1,91,08,216 ~ 1 Crore+","Rs 3,50,000 ~ 3 Lacs+"
387,Ram Swaroop Sharma,MANDI,BJP,0,10th Pass,"Rs 1,57,24,337 ~ 1 Crore+","Rs 7,83,963 ~ 7 Lacs+"
388,Rama Devi,SHEOHAR,BJP,1,Graduate Professional,"Rs 32,83,64,940 ~ 32 Crore+",Rs 0 ~
389,Ramakant Bhargava,VIDISHA,BJP,0,12th Pass,"Rs 3,00,32,282 ~ 3 Crore+","Rs 33,32,012 ~ 33 Lacs+"
390,Ramalingam S,MAYILADUTHURAI,DMK,0,Graduate,"Rs 1,33,55,095 ~ 1 Crore+","Rs 2,15,000 ~ 2 Lacs+"
391,Ramapati Ram Tripathi,DEORIA,BJP,1,Graduate Professional,"Rs 2,94,51,678 ~ 2 Crore+","Rs 93,10,684 ~ 93 Lacs+"
392,Ramchandra Paswan,SAMASTIPUR,LJP,5,10th Pass,"Rs 1,73,75,975 ~ 1 Crore+","Rs 9,99,057 ~ 9 Lacs+"
393,Ramdas Chandrabhanji Tadas,WARDHA,BJP,0,10th Pass,"Rs 6,58,07,822 ~ 6 Crore+","Rs 89,61,387 ~ 89 Lacs+"
394,Ramesh Bidhuri,SOUTH DELHI,BJP,2,Graduate Professional,"Rs 18,00,52,708 ~ 18 Crore+","Rs 20,38,454 ~ 20 Lacs+"
395,Ramesh Chand,BHADOHI,BJP,6,10th Pass,"Rs 9,40,89,148 ~ 9 Crore+","Rs 2,16,96,413 ~ 2 Crore+"
396,Ramesh Chander Kaushik,SONIPAT,BJP,0,Graduate Professional,"Rs 23,58,59,266 ~ 23 Crore+",Rs 0 ~
397,Ramesh Chandra Majhi,NABARANGPUR,BJD,0,Graduate,"Rs 81,00,600 ~ 81 Lacs+","Rs 7,71,000 ~ 7 Lacs+"
398,Ramesh Pokhriyal Nishank,HARIDWAR,BJP,0,Doctorate,"Rs 2,87,39,888 ~ 2 Crore+","Rs 16,444 ~ 16 Thou+"
399,Rameshbhai Dhaduk,PORBANDAR,BJP,0,10th Pass,"Rs 35,75,64,783 ~ 35 Crore+","Rs 21,79,44,697 ~ 21 Crore+"
400,Rameswar Teli,DIBRUGARH,BJP,0,10th Pass,"Rs 43,70,067 ~ 43 Lacs+",Rs 0 ~
401,Rammohannaidu Kinjarapu,SRIKAKULAM,TDP,1,Post Graduate,"Rs 12,27,91,042 ~ 12 Crore+","Rs 1,20,00,000 ~ 1 Crore+"
402,Ramprit Mandal,JHANJHARPUR,JD(U),1,10th Pass,"Rs 8,81,19,686 ~ 8 Crore+","Rs 10,00,000 ~ 10 Lacs+"
403,Ramya Haridas,ALATHUR,INC,3,10th Pass,"Rs 11,52,816 ~ 11 Lacs+",Rs 0 ~
404,Ranjanben Bhatt,VADODARA,BJP,0,12th Pass,"Rs 2,94,26,428 ~ 2 Crore+",Rs 0 ~
405,Ranjeeta Kumari,BHARATPUR,BJP,0,8th Pass,"Rs 31,17,190 ~ 31 Lacs+",Rs 0 ~
406,Ranjeetsinha Hindurao Naik Nimbalkar,MADHA,BJP,2,12th Pass,"Rs 1,27,51,60,578 ~ 127 Crore+","Rs 89,63,15,287 ~ 89 Crore+"
407,Rao Inderjit Singh,GURGAON,BJP,0,Graduate Professional,"Rs 42,09,70,754 ~ 42 Crore+","Rs 3,15,00,000 ~ 3 Crore+"
408,Rao Uday Pratap Singh,HOSHANGABAD,BJP,1,Graduate,"Rs 15,47,83,105 ~ 15 Crore+","Rs 91,03,300 ~ 91 Lacs+"
409,Ratansinh Rathod,PANCHMAHAL,BJP,0,Graduate Professional,"Rs 1,02,60,663 ~ 1 Crore+","Rs 10,81,611 ~ 10 Lacs+"
410,Rathod Dipsinh Shankarsinh,SABARKANTHA,BJP,0,8th Pass,"Rs 2,39,97,443 ~ 2 Crore+",Rs 0 ~
411,Rathva Gitaben Vajesingbhai,CHHOTA UDAIPUR,BJP,0,12th Pass,"Rs 86,34,660 ~ 86 Lacs+",Rs 0 ~
412,Rattan Lal Kataria,AMBALA,BJP,0,Post Graduate,"Rs 5,43,61,499 ~ 5 Crore+","Rs 1,88,861 ~ 1 Lacs+"
413,Ravi Shankar Prasad,PATNA SAHIB,BJP,0,Post Graduate,"Rs 23,52,75,591 ~ 23 Crore+",Rs 0 ~
414,Ravikumar D,VILUPPURAM,DMK,0,Doctorate,"Rs 65,09,860 ~ 65 Lacs+","Rs 13,69,031 ~ 13 Lacs+"
415,Ravinder,SALEMPUR,BJP,0,12th Pass,"Rs 2,70,31,724 ~ 2 Crore+","Rs 2,49,400 ~ 2 Lacs+"
416,Ravindra Shyamnarayan Shukla Alias Ravi Kishan,GORAKHPUR,BJP,0,12th Pass,"Rs 20,84,94,688 ~ 20 Crore+","Rs 1,77,11,043 ~ 1 Crore+"
417,Ravneet Singh Bittu,LUDHIANA,INC,3,12th Pass,"Rs 5,42,81,096 ~ 5 Crore+","Rs 33,31,266 ~ 33 Lacs+"
418,Rebati Tripura,TRIPURA EAST,BJP,0,Post Graduate,"Rs 19,48,315 ~ 19 Lacs+",Rs 0 ~
419,Rekha Verma,DHAURAHRA,BJP,3,12th Pass,"Rs 2,47,35,488 ~ 2 Crore+","Rs 70,95,916 ~ 70 Lacs+"
420,Renuka Singh Saruta,SURGUJA,BJP,0,12th Pass,"Rs 2,76,82,493 ~ 2 Crore+","Rs 32,51,275 ~ 32 Lacs+"
421,Rita Bahuguna Joshi,ALLAHABAD,BJP,6,Doctorate,"Rs 2,69,19,330 ~ 2 Crore+","Rs 16,00,000 ~ 16 Lacs+"
422,Ritesh Pandey,AMBEDKAR NAGAR,BSP,1,Graduate,"Rs 30,72,65,103 ~ 30 Crore+","Rs 2,47,39,098 ~ 2 Crore+"
423,Riti Pathak,SIDHI,BJP,0,Post Graduate,"Rs 5,15,41,791 ~ 5 Crore+","Rs 5,05,922 ~ 5 Lacs+"
424,Rodmal Nagar,RAJGARH,BJP,0,Graduate,"Rs 4,01,98,295 ~ 4 Crore+","Rs 39,21,362 ~ 39 Lacs+"
425,S. Jagathrakshakan,ARAKKONAM,DMK,2,10th Pass,"Rs 1,14,69,84,897 ~ 114 Crore+","Rs 16,63,65,972 ~ 16 Crore+"
426,S. Muniswamy,KOLAR,BJP,2,12th Pass,"Rs 17,45,57,500 ~ 17 Crore+","Rs 1,98,65,690 ~ 1 Crore+"
427,Sadashiv Kisan Lokhande,SHIRDI,SHS,1,10th Pass,"Rs 11,37,10,526 ~ 11 Crore+","Rs 2,05,100 ~ 2 Lacs+"
428,Sadhvi Niranjan Jyoti,FATEHPUR,BJP,0,12th Pass,"Rs 1,06,67,372 ~ 1 Crore+","Rs 9,10,148 ~ 9 Lacs+"
429,Sadhvi Pragya Singh Thakur,BHOPAL,BJP,1,Post Graduate,"Rs 4,44,224 ~ 4 Lacs+",Rs 0 ~
430,Sajda Ahmed,ULUBERIA,AITC,0,Graduate,"Rs 2,83,51,569 ~ 2 Crore+","Rs 53,22,615 ~ 53 Lacs+"
431,Sandhya Ray,BHIND,BJP,0,Post Graduate,"Rs 5,11,08,660 ~ 5 Crore+","Rs 1,34,00,000 ~ 1 Crore+"
432,Sangam Lal Gupta,PRATAPGARH,BJP,2,8th Pass,"Rs 24,87,89,514 ~ 24 Crore+","Rs 88,95,225 ~ 88 Lacs+"
433,Sangeeta Azad,LALGANJ,BSP,0,Graduate Professional,"Rs 8,84,51,770 ~ 8 Crore+",Rs 0 ~
434,Sangh Mitra Maurya,BADAUN,BJP,2,Graduate Professional,"Rs 4,03,72,093 ~ 4 Crore+",Rs 0 ~
435,Sanjay Bhatia,KARNAL,BJP,0,Graduate,"Rs 22,56,739 ~ 22 Lacs+","Rs 5,00,000 ~ 5 Lacs+"
436,Sanjay Sadashivrao Mandlik,KOLHAPUR,SHS,0,Post Graduate,"Rs 9,51,71,892 ~ 9 Crore+","Rs 1,05,80,414 ~ 1 Crore+"
437,Sanjay Seth,RANCHI,BJP,0,Graduate Professional,"Rs 1,40,44,267 ~ 1 Crore+","Rs 1,00,000 ~ 1 Lacs+"
438,Sanjay Shamrao Dhotre,AKOLA,BJP,1,Graduate Professional,"Rs 7,71,53,230 ~ 7 Crore+","Rs 1,49,85,774 ~ 1 Crore+"
439,Sanjaykaka Patil,SANGLI,BJP,1,10th Pass,"Rs 19,11,92,187 ~ 19 Crore+","Rs 2,33,45,328 ~ 2 Crore+"
440,Sanjeev Kumar Balyan,MUZAFFARNAGAR,BJP,1,Doctorate,"Rs 1,57,81,189 ~ 1 Crore+","Rs 23,73,645 ~ 23 Lacs+"
441,Santokh Singh Chaudhary,JALANDHAR,INC,0,Graduate Professional,"Rs 9,99,25,185 ~ 9 Crore+","Rs 25,34,363 ~ 25 Lacs+"
442,Santosh Kumar,PURNIA,JD(U),1,12th Pass,"Rs 4,10,36,294 ~ 4 Crore+","Rs 25,00,000 ~ 25 Lacs+"
443,Santosh Kumar Gangwar,BAREILLY,BJP,0,Graduate Professional,"Rs 12,63,56,142 ~ 12 Crore+","Rs 1,30,55,209 ~ 1 Crore+"
444,Santosh Pandey,RAJNANDGAON,BJP,0,Graduate Professional,"Rs 2,48,61,970 ~ 2 Crore+","Rs 15,19,820 ~ 15 Lacs+"
445,Saptagiri Sankar Ulaka,KORAPUT,INC,0,Graduate Professional,"Rs 3,75,87,560 ~ 3 Crore+","Rs 12,17,963 ~ 12 Lacs+"
446,Sarmistha Sethi,JAJPUR,BJD,0,Post Graduate,"Rs 1,58,37,082 ~ 1 Crore+",Rs 0 ~
447,Satabdi Roy (Banerjee),BIRBHUM,AITC,0,Graduate,"Rs 4,86,52,722 ~ 4 Crore+","Rs 1,86,04,443 ~ 1 Crore+"
448,Satish Kumar Gautam,ALIGARH,BJP,0,10th Pass,"Rs 10,95,22,559 ~ 10 Crore+","Rs 2,80,95,176 ~ 2 Crore+"
449,Satyadev Pachauri,KANPUR,BJP,0,Post Graduate,"Rs 13,23,82,819 ~ 13 Crore+","Rs 3,10,52,190 ~ 3 Crore+"
450,Satyapal Singh Baghel,AGRA,BJP,5,Doctorate,"Rs 7,42,74,036 ~ 7 Crore+","Rs 86,06,522 ~ 86 Lacs+"
451,Saumitra Khan,BISHNUPUR,BJP,6,12th Pass,"Rs 86,56,777 ~ 86 Lacs+","Rs 10,77,120 ~ 10 Lacs+"
452,Selvam.G,KANCHEEPURAM,DMK,0,Post Graduate,"Rs 4,81,72,936 ~ 4 Crore+",Rs 0 ~
453,Selvaraj M,NAGAPATTINAM,CPI,0,12th Pass,"Rs 45,72,837 ~ 45 Lacs+","Rs 12,51,381 ~ 12 Lacs+"
454,Shankar Lalwani,INDORE,BJP,2,Graduate Professional,"Rs 5,90,38,508 ~ 5 Crore+","Rs 21,06,382 ~ 21 Lacs+"
455,Shantanu Thakur,BANGAON,BJP,8,Graduate,"Rs 52,65,388 ~ 52 Lacs+",Rs 0 ~
456,Shardaben Anilbhai Patel,MAHESANA,BJP,0,12th Pass,"Rs 44,03,08,300 ~ 44 Crore+","Rs 74,77,793 ~ 74 Lacs+"
457,Shashi Tharoor,THIRUVANANTHAPURAM,INC,2,Doctorate,"Rs 35,00,22,585 ~ 35 Crore+",Rs 0 ~
458,Shobha Karandlaje,UDUPI CHIKMAGALUR,BJP,3,Post Graduate,"Rs 10,48,72,668 ~ 10 Crore+","Rs 4,99,36,840 ~ 4 Crore+"
459,Shri Dilip Saikia,MANGALDOI,BJP,0,Graduate,"Rs 62,06,286 ~ 62 Lacs+",Rs 0 ~
460,Shri. Sha. Bra. Dr. Jay Siddeshwar Shivachrya Mahaswamiji,SOLAPUR,BJP,0,Graduate,"Rs 2,78,70,079 ~ 2 Crore+",Rs 0 ~
461,Shripad Yesso Naik,NORTH GOA,BJP,0,Graduate,"Rs 6,57,95,623 ~ 6 Crore+","Rs 14,91,387 ~ 14 Lacs+"
462,Shrirang Chandu Barne,MAVAL,SHS,3,8th Pass,"Rs 1,02,33,10,134 ~ 102 Crore+","Rs 4,16,612 ~ 4 Lacs+"
463,Shyam Singh Yadav,JAUNPUR,BSP,0,Post Graduate,"Rs 14,07,17,620 ~ 14 Crore+","Rs 35,77,000 ~ 35 Lacs+"
464,Sisir Kumar Adhikari,KANTHI,AITC,3,12th Pass,"Rs 3,39,79,650 ~ 3 Crore+",Rs 0 ~
465,Smriti Irani,AMETHI,BJP,0,12th Pass,"Rs 11,10,99,609 ~ 11 Crore+",Rs 0 ~
466,Smt. Sangeeta Kumari Singh Deo,BOLANGIR,BJP,0,Graduate,"Rs 37,95,90,851 ~ 37 Crore+","Rs 75,00,000 ~ 75 Lacs+"
467,Som Parkash,HOSHIARPUR,BJP,0,Post Graduate,"Rs 2,94,04,519 ~ 2 Crore+",Rs 0 ~
468,Sonia Gandhi,RAE BARELI,INC,1,Others,"Rs 11,82,63,916 ~ 11 Crore+",Rs 0 ~
469,Sougata Ray,DUM DUM,AITC,1,Post Graduate,"Rs 4,25,18,790 ~ 4 Crore+",Rs 0 ~
470,Sri Nisith Pramanik,COOCH BEHAR,BJP,11,8th Pass,"Rs 96,29,810 ~ 96 Lacs+",Rs 0 ~
471,Sridhar Kotagiri,ELURU,YSRCP,0,Graduate,"Rs 46,28,08,829 ~ 46 Crore+","Rs 3,35,60,974 ~ 3 Crore+"
472,Srinivas Kesineni,VIJAYAWADA,TDP,0,10th Pass,"Rs 80,81,52,415 ~ 80 Crore+","Rs 51,23,32,955 ~ 51 Crore+"
473,Subbarayan.K,TIRUPPUR,CPI,0,10th Pass,"Rs 80,35,576 ~ 80 Lacs+","Rs 5,00,000 ~ 5 Lacs+"
474,Subhas Kumar Sarkar,BANKURA,BJP,1,Graduate Professional,"Rs 1,97,99,440 ~ 1 Crore+","Rs 32,61,495 ~ 32 Lacs+"
475,Subhash Chandra Baheria,BHILWARA,BJP,0,Graduate,"Rs 23,27,03,276 ~ 23 Crore+","Rs 18,27,380 ~ 18 Lacs+"
476,Subhash Ramrao Bhamre,DHULE,BJP,2,Post Graduate,"Rs 15,86,51,112 ~ 15 Crore+","Rs 10,00,000 ~ 10 Lacs+"
477,Subrat Pathak,KANNAUJ,BJP,11,Graduate,"Rs 5,42,87,991 ~ 5 Crore+","Rs 2,89,93,930 ~ 2 Crore+"
478,Sudarshan Bhagat,LOHARDAGA,BJP,0,Graduate,"Rs 1,29,47,303 ~ 1 Crore+","Rs 5,25,000 ~ 5 Lacs+"
479,Sudhakar Tukaram Shrangare,LATUR,BJP,0,10th Pass,"Rs 28,64,78,302 ~ 28 Crore+","Rs 10,02,50,602 ~ 10 Crore+"
480,Sudheer Gupta,MANDSOUR,BJP,1,Post Graduate,"Rs 9,09,08,944 ~ 9 Crore+","Rs 7,99,283 ~ 7 Lacs+"
481,Sujay Radhakrishna Vikhe,AHMEDNAGAR,BJP,0,Doctorate,"Rs 16,86,64,576 ~ 16 Crore+","Rs 26,23,964 ~ 26 Lacs+"
482,Sukanta Majumdar,BALURGHAT,BJP,0,Doctorate,"Rs 58,25,866 ~ 58 Lacs+","Rs 21,68,170 ~ 21 Lacs+"
483,Sukhbir Singh Badal,FIROZPUR,SAD,4,Post Graduate,"Rs 2,17,99,19,870 ~ 217 Crore+","Rs 95,48,52,600 ~ 95 Crore+"
484,Sukhbir Singh Jaunapuria,TONK SAWAI MADHOPUR,BJP,0,12th Pass,"Rs 1,23,38,02,420 ~ 123 Crore+",Rs 0 ~
485,Sumalatha Ambareesh,MANDYA,IND,0,10th Pass,"Rs 23,41,54,139 ~ 23 Crore+","Rs 1,42,32,295 ~ 1 Crore+"
486,Sumathy Alias Thamizhachi Thangapandian,CHENNAI SOUTH,DMK,0,Doctorate,"Rs 9,17,93,460 ~ 9 Crore+","Rs 5,00,000 ~ 5 Lacs+"
487,Sumedhanand Saraswati,SIKAR,BJP,0,Post Graduate,"Rs 28,27,638 ~ 28 Lacs+","Rs 27,19,583 ~ 27 Lacs+"
488,Sunil Baburao Mendhe,BHANDARA GONDIYA,BJP,2,Others,"Rs 62,75,43,615 ~ 62 Crore+","Rs 1,98,61,338 ~ 1 Crore+"
489,Sunil Kumar,SITAMARHI,JD(U),6,Graduate,"Rs 6,07,17,031 ~ 6 Crore+","Rs 1,02,77,790 ~ 1 Crore+"
490,Sunil Kumar Mondal,BARDHAMAN PURBA,AITC,0,Graduate Professional,"Rs 2,03,71,283 ~ 2 Crore+","Rs 1,48,598 ~ 1 Lacs+"
491,Sunil Kumar Singh,CHATRA,BJP,0,Post Graduate,"Rs 22,62,09,137 ~ 22 Crore+","Rs 18,89,051 ~ 18 Lacs+"
492,Sunil Kumar Soni,RAIPUR,BJP,0,Graduate,"Rs 4,60,68,126 ~ 4 Crore+","Rs 24,82,214 ~ 24 Lacs+"
493,Sunil Soren,DUMKA,BJP,0,12th Pass,"Rs 47,37,559 ~ 47 Lacs+","Rs 6,85,516 ~ 6 Lacs+"
494,Sunita Duggal,SIRSA,BJP,0,Post Graduate,"Rs 4,25,96,349 ~ 4 Crore+","Rs 25,00,000 ~ 25 Lacs+"
495,Supriya Sadanand Sule,BARAMATI,NCP,0,Graduate,"Rs 1,40,88,88,704 ~ 140 Crore+","Rs 55,00,000 ~ 55 Lacs+"
496,Surendrajeet Singh Ahluwalia,BARDHAMAN DURGAPUR,BJP,0,Graduate Professional,"Rs 2,65,21,750 ~ 2 Crore+","Rs 7,44,076 ~ 7 Lacs+"
497,Suresh Babu Nandigam,BAPATLA,YSRCP,0,8th Pass,"Rs 41,58,610 ~ 41 Lacs+","Rs 2,69,000 ~ 2 Lacs+"
498,Suresh Kumar Kashyap,SHIMLA,BJP,0,Post Graduate,"Rs 1,57,05,738 ~ 1 Crore+","Rs 78,73,806 ~ 78 Lacs+"
499,Suresh Pujari,BARGARH,BJP,0,Post Graduate,"Rs 1,16,73,429 ~ 1 Crore+",Rs 0 ~
500,Sushil Kumar Singh,AURANGABAD,BJP,3,Post Graduate,"Rs 16,78,95,109 ~ 16 Crore+","Rs 37,46,607 ~ 37 Lacs+"
501,Swami Sachchidanand Hari Sakshi,UNNAO,BJP,4,Doctorate,"Rs 4,08,86,941 ~ 4 Crore+","Rs 6,99,025 ~ 6 Lacs+"
502,T. N. Prathapan,THRISSUR,INC,7,12th Pass,"Rs 86,09,349 ~ 86 Lacs+","Rs 29,78,120 ~ 29 Lacs+"
503,T. R. V .S. Ramesh,CUDDALORE,DMK,0,Graduate Professional,"Rs 42,33,78,552 ~ 42 Crore+","Rs 10,28,28,604 ~ 10 Crore+"
504,Talari Rangaiah,ANANTAPUR,YSRCP,1,Doctorate,"Rs 1,17,73,091 ~ 1 Crore+","Rs 11,35,547 ~ 11 Lacs+"
505,Tapir Gao,ARUNACHAL EAST,BJP,0,Post Graduate,"Rs 13,66,28,259 ~ 13 Crore+",Rs 0 ~
506,Tatkare Sunil Dattatray,RAIGAD,NCP,0,Others,"Rs 12,74,87,277 ~ 12 Crore+","Rs 32,21,073 ~ 32 Lacs+"
507,Tejasvi Surya,BANGALORE SOUTH,BJP,0,Graduate Professional,"Rs 13,46,593 ~ 13 Lacs+",Rs 0 ~
508,Thirumaavalavan Thol,CHIDAMBARAM,Viduthalai Chiruthaigal Katchi,3,Doctorate,"Rs 92,44,092 ~ 92 Lacs+","Rs 3,94,248 ~ 3 Lacs+"
509,Thirunavukkarasar. Su,TIRUCHIRAPPALLI,INC,0,Post Graduate,"Rs 3,21,82,184 ~ 3 Crore+","Rs 40,208 ~ 40 Thou+"
510,Thomas Chazhikadan,KOTTAYAM,Kerala Congress (M),0,Graduate Professional,"Rs 2,60,27,478 ~ 2 Crore+","Rs 4,95,778 ~ 4 Lacs+"
511,Tirath Singh Rawat,GARHWAL,BJP,0,Post Graduate,"Rs 1,50,32,657 ~ 1 Crore+","Rs 35,00,000 ~ 35 Lacs+"
512,Tokheho Yepthomi,NAGALAND,Nationalist Democratic Progressive Party,0,Graduate,"Rs 12,81,17,474 ~ 12 Crore+","Rs 1,86,00,000 ~ 1 Crore+"
513,Topon Kumar Gogoi,JORHAT,BJP,0,Post Graduate,"Rs 1,25,97,461 ~ 1 Crore+","Rs 4,55,398 ~ 4 Lacs+"
514,Tsering Namgyal,LADAKH,BJP,1,Graduate,"Rs 9,81,904 ~ 9 Lacs+",Rs 0 ~
515,Udasi. S.C.,HAVERI,BJP,0,12th Pass,"Rs 71,84,99,195 ~ 71 Crore+","Rs 16,55,66,495 ~ 16 Crore+"
516,Unmesh Bhaiyyasaheb Patil,JALGAON,BJP,1,Graduate Professional,"Rs 1,23,24,604 ~ 1 Crore+","Rs 25,29,954 ~ 25 Lacs+"
517,Upendra Singh Rawat,BARABANKI,BJP,1,Post Graduate,"Rs 1,80,50,127 ~ 1 Crore+","Rs 31,71,774 ~ 31 Lacs+"
518,V K Sreekandan,PALAKKAD,INC,7,Graduate,"Rs 63,56,399 ~ 63 Lacs+","Rs 27,09,000 ~ 27 Lacs+"
519,V Srinivas Prasad,CHAMARAJANAGAR,BJP,0,Post Graduate,"Rs 14,38,04,441 ~ 14 Crore+","Rs 3,24,909 ~ 3 Lacs+"
520,V. Vaithilingam,PUDUCHERRY,INC,0,Graduate,"Rs 10,80,15,548 ~ 10 Crore+","Rs 5,20,989 ~ 5 Lacs+"
521,Vanga Geetha Viswanatham,KAKINADA,YSRCP,0,Post Graduate,"Rs 20,25,28,594 ~ 20 Crore+","Rs 3,44,16,887 ~ 3 Crore+"
522,Vasanthakumar H,KANNIYAKUMARI,INC,0,Post Graduate,"Rs 4,17,49,30,444 ~ 417 Crore+","Rs 1,54,75,11,439 ~ 154 Crore+"
523,Veena Devi,VAISHALI,LJP,2,10th Pass,"Rs 33,72,84,632 ~ 33 Crore+","Rs 11,20,89,220 ~ 11 Crore+"
524,Velusamy P,DINDIGUL,DMK,0,Illiterate,"Rs 14,80,76,407 ~ 14 Crore+","Rs 3,14,74,526 ~ 3 Crore+"
525,Venkatesan S,MADURAI,CPI(M),0,12th Pass,"Rs 18,11,456 ~ 18 Lacs+",Rs 0 ~
526,Venkatesh Netha Borlakunta,PEDDAPALLE,TRS,0,Doctorate,"Rs 1,65,97,300 ~ 1 Crore+",Rs 0 ~
527,Vijay Baghel,DURG,BJP,0,Graduate,"Rs 3,44,29,027 ~ 3 Crore+","Rs 87,48,686 ~ 87 Lacs+"
528,Vijay Kumar,GAYA,JD(U),3,12th Pass,"Rs 1,27,66,141 ~ 1 Crore+","Rs 31,48,932 ~ 31 Lacs+"
529,Vijay Kumar Dubey,KUSHI NAGAR,BJP,2,12th Pass,"Rs 2,18,60,780 ~ 2 Crore+","Rs 3,16,847 ~ 3 Lacs+"
530,Vijay Kumar Hansdak,RAJMAHAL,JMM,0,10th Pass,"Rs 1,29,19,555 ~ 1 Crore+","Rs 27,43,560 ~ 27 Lacs+"
531,Vijay Kumar Singh,GHAZIABAD,BJP,2,Doctorate,"Rs 5,65,45,702 ~ 5 Crore+",Rs 0 ~
532,Vinayak Bhaurao Raut,RATNAGIRI SINDHUDURG,SHS,3,Post Graduate,"Rs 5,06,60,534 ~ 5 Crore+","Rs 28,30,000 ~ 28 Lacs+"
533,Vincent H. Pala,SHILLONG,INC,0,Graduate Professional,"Rs 54,95,15,421 ~ 54 Crore+",Rs 0 ~
534,Vinod Kumar Sonkar,KAUSHAMBI,BJP,4,Graduate,"Rs 5,93,36,113 ~ 5 Crore+","Rs 2,07,30,086 ~ 2 Crore+"
535,Virendra Kumar,TIKAMGARH,BJP,0,Doctorate,"Rs 2,15,03,766 ~ 2 Crore+","Rs 19,74,216 ~ 19 Lacs+"
536,Virendra Singh,BALLIA,BJP,2,Graduate,"Rs 2,44,98,319 ~ 2 Crore+",Rs 0 ~
537,Vishnu Datt Sharma,KHAJURAHO,BJP,0,Post Graduate,"Rs 1,05,89,334 ~ 1 Crore+","Rs 25,07,176 ~ 25 Lacs+"
538,Vishnu Dayal Ram,PALAMU,BJP,0,Graduate,"Rs 3,22,73,873 ~ 3 Crore+","Rs 90,922 ~ 90 Thou+"
539,Vishnuprasad. M.K,ARANI,INC,1,Graduate Professional,"Rs 23,45,64,815 ~ 23 Crore+","Rs 3,34,09,505 ~ 3 Crore+"
540,Vivek Narayan Shejwalkar,GWALIOR,BJP,0,Graduate Professional,"Rs 5,89,11,673 ~ 5 Crore+",Rs 0 ~
541,Y. Devendrappa,BELLARY,BJP,0,5th Pass,"Rs 4,01,07,878 ~ 4 Crore+","Rs 2,50,000 ~ 2 Lacs+"
542,Yeduguri Sandinti Avinash Reddy,KADAPA,YSRCP,4,Post Graduate,"Rs 18,69,69,794 ~ 18 Crore+","Rs 2,28,33,319 ~ 2 Crore+"
